mesto_na_lestvi,povezava_steamstore,ime,stevilo_gamerjev,seznam_zanrov,developer,publisher,release_date

1,https://store.steampowered.com/app/730,Counter-Strike 2,893728,"['Action', 'Free To Play']",['Valve'],['Valve'],"21 Aug, 2012"

2,https://store.steampowered.com/app/570,Dota 2,675235,"['Action', 'Strategy', 'Free To Play']",['Valve'],['Valve'],"9 Jul, 2013"

3,https://store.steampowered.com/app/578080,PUBG: BATTLEGROUNDS,407810,ni :/,ni :/,ni :/,ni :/

4,https://store.steampowered.com/app/4001890,How to Fish,176643,"['Action', 'Casual', 'Indie', 'Simulation']",['Dazed Games'],['Dazed Games'],"20 Aug, 2026"

5,https://store.steampowered.com/app/3419430,Bongo Cat,156887,"['Casual', 'Indie', 'Massively Multiplayer', 'Simulation', 'Free To Play']",['Irox Games'],['Irox Games'],"5 Mar, 2025"

6,https://store.steampowered.com/app/1172470,Apex Legends™,132987,"['Action', 'Adventure', 'Free To Play']",['Respawn'],['Electronic Arts'],"4 Nov, 2020"

7,https://store.steampowered.com/app/1623730,Palworld,115889,"['Action', 'Adventure', 'Indie', 'RPG']",['Pocketpair'],['Pocketpair'],"9 Jul, 2026"

8,https://store.steampowered.com/app/431960,Wallpaper Engine,96665,"['Casual', 'Indie', 'Animation & Modeling', 'Design & Illustration', 'Photo Editing', 'Utilities']",['Wallpaper Engine Team'],['Wallpaper Engine Team'],"16 Nov, 2018"

9,https://store.steampowered.com/app/3678970,TBH: Task Bar Hero,89302,"['Casual', 'Indie', 'RPG', 'Free To Play']","['Nugem Studio', 'Tesseract Studio']",['Nugem Studio'],"27 May, 2026"

10,https://store.steampowered.com/app/252490,Rust,86248,"['Action', 'Adventure', 'Indie', 'Massively Multiplayer', 'RPG']",['Facepunch Studios'],['Facepunch Studios'],"8 Feb, 2018"

11,https://store.steampowered.com/app/2676230,FiveM,84708,ni :/,ni :/,ni :/,ni :/

12,https://store.steampowered.com/app/2507950,Delta Force,75133,"['Action', 'Adventure', 'Massively Multiplayer', 'Free To Play']",['Team Jade'],['TiMi Studio Group'],"4 Dec, 2024"

13,https://store.steampowered.com/app/250900,The Binding of Isaac: Rebirth,74788,['Action'],"['Nicalis', 'Edmund McMillen']",['Nicalis'],"4 Nov, 2014"

14,https://store.steampowered.com/app/236390,War Thunder,71523,"['Action', 'Massively Multiplayer', 'Simulation', 'Free To Play']",['Gaijin Entertainment'],['Gaijin Network Ltd'],"15 Aug, 2013"

15,https://store.steampowered.com/app/271590,Grand Theft Auto V Legacy,70477,ni :/,ni :/,ni :/,ni :/

16,https://store.steampowered.com/app/413150,Stardew Valley,62347,"['Indie', 'RPG', 'Simulation']",['ConcernedApe'],['ConcernedApe'],"26 Feb, 2016"

17,https://store.steampowered.com/app/2868840,Slay the Spire 2,61809,"['Indie', 'Strategy', 'Early Access']",['Mega Crit'],['Mega Crit'],"5 Mar, 2026"

18,https://store.steampowered.com/app/3240220,Grand Theft Auto V Enhanced,58819,ni :/,ni :/,ni :/,ni :/

19,https://store.steampowered.com/app/440,Team Fortress 2,52721,"['Action', 'Free To Play']",['Valve'],['Valve'],"10 Oct, 2007"

20,https://store.steampowered.com/app/108600,Project Zomboid,51691,"['Indie', 'RPG', 'Simulation', 'Early Access']",['The Indie Stone'],['The Indie Stone'],"8 Nov, 2013"

21,https://store.steampowered.com/app/3405690,EA SPORTS FC™ 26,50220,"['Simulation', 'Sports']","['EA Canada', 'EA Romania']",['Electronic Arts'],"25 Sep, 2025"

22,https://store.steampowered.com/app/105600,Terraria,49365,"['Action', 'Adventure', 'Indie', 'RPG']",['Re-Logic'],['Re-Logic'],"16 May, 2011"

23,https://store.steampowered.com/app/381210,Dead by Daylight,48410,ni :/,ni :/,ni :/,ni :/

24,https://store.steampowered.com/app/230410,Warframe,47847,ni :/,ni :/,ni :/,ni :/

25,https://store.steampowered.com/app/480,Spacewar,45683,ni :/,ni :/,ni :/,ni :/

26,https://store.steampowered.com/app/1973530,Limbus Company,44904,['Free To Play'],['ProjectMoon'],['ProjectMoon'],"26 Feb, 2023"

27,https://store.steampowered.com/app/394360,Hearts of Iron IV,41617,"['Simulation', 'Strategy']",['Paradox Development Studio'],['Paradox Interactive'],"6 Jun, 2016"

28,https://store.steampowered.com/app/553850,HELLDIVERS™ 2,41524,ni :/,ni :/,ni :/,ni :/

29,https://store.steampowered.com/app/1203220,NARAKA: BLADEPOINT,39138,"['Action', 'Adventure', 'Massively Multiplayer', 'Free To Play']",['24 Entertainment'],['NetEase Games '],"11 Aug, 2021"

30,https://store.steampowered.com/app/2767030,Marvel Rivals,39103,"['Action', 'Free To Play']",['NetEase Games'],['NetEase Games'],"5 Dec, 2024"

31,https://store.steampowered.com/app/2357570,Overwatch®,39100,"['Action', 'Free To Play']",['Blizzard Entertainment'],['Blizzard Entertainment'],"10 Aug, 2023"

32,https://store.steampowered.com/app/359550,Tom Clancy&#39;s Rainbow Six Siege,38708,"['Action', 'Free To Play']",['Ubisoft Montreal'],['Ubisoft'],"1 Dec, 2015"

33,https://store.steampowered.com/app/322170,Geometry Dash,37123,"['Action', 'Indie']",['RobTop Games'],['RobTop Games'],"22 Dec, 2014"

34,https://store.steampowered.com/app/3551340,Football Manager 26,36721,"['Simulation', 'Sports', 'Strategy']",['Sports Interactive'],['SEGA'],"4 Nov, 2025"

35,https://store.steampowered.com/app/2584990,Shadowverse: Worlds Beyond,35819,"['Casual', 'RPG', 'Strategy', 'Free To Play']",['Cygames'],['Cygames'],"14 Jun, 2025"

36,https://store.steampowered.com/app/438100,VRChat,34957,"['Adventure', 'Casual', 'Massively Multiplayer', 'Simulation', 'Sports', 'Free To Play', 'Early Access']",['VRChat Inc.'],['VRChat Inc.'],"1 Feb, 2017"

37,https://store.steampowered.com/app/1091500,Cyberpunk 2077,34585,ni :/,ni :/,ni :/,ni :/

38,https://store.steampowered.com/app/322330,Don&#39;t Starve Together,33416,"['Action', 'Adventure', 'Indie', 'RPG', 'Simulation', 'Strategy']",['Klei Entertainment'],['Klei Entertainment'],"21 Apr, 2016"

39,https://store.steampowered.com/app/1086940,Baldur&#39;s Gate 3,33323,ni :/,ni :/,ni :/,ni :/

40,https://store.steampowered.com/app/218620,PAYDAY 2,32745,ni :/,ni :/,ni :/,ni :/

41,https://store.steampowered.com/app/227300,Euro Truck Simulator 2,32673,"['Indie', 'Simulation']",['SCS Software'],['SCS Software'],"18 Oct, 2012"

42,https://store.steampowered.com/app/261550,Mount &amp; Blade II: Bannerlord,31795,"['Action', 'Indie', 'RPG', 'Simulation', 'Strategy']",['TaleWorlds Entertainment'],['TaleWorlds Entertainment'],"25 Oct, 2022"

43,https://store.steampowered.com/app/2358720,Black Myth: Wukong,31624,ni :/,ni :/,ni :/,ni :/

44,https://store.steampowered.com/app/1366800,Crosshair X,30647,"['Action', 'Adventure', 'Indie', 'Software Training', 'Utilities']",['CenterPoint Gaming'],['CenterPoint Gaming'],"1 Jun, 2020"

45,https://store.steampowered.com/app/289070,Sid Meier&#39;s Civilization VI,30416,['Strategy'],"['Firaxis Games', 'Aspyr (Mac)', 'Aspyr (Linux)']","['2K', 'Aspyr (Mac)', 'Aspyr (Linux)']","20 Oct, 2016"

46,https://store.steampowered.com/app/3932890,Escape from Tarkov,29701,"['Action', 'Massively Multiplayer', 'RPG', 'Simulation']",['Battlestate Games'],['Battlestate Games'],"15 Nov, 2025"

47,https://store.steampowered.com/app/1174180,Red Dead Redemption 2,28890,"['Action', 'Adventure']",['Rockstar Games'],['Rockstar Games'],"5 Dec, 2019"

48,https://store.steampowered.com/app/221100,DayZ,28618,ni :/,ni :/,ni :/,ni :/

49,https://store.steampowered.com/app/1142710,Total War: WARHAMMER III,28572,"['Action', 'Strategy']","['CREATIVE ASSEMBLY', 'Feral Interactive']","['SEGA', 'Feral Interactive']","16 Feb, 2022"

50,https://store.steampowered.com/app/1281930,tModLoader,27957,"['Action', 'Adventure', 'Indie', 'RPG', 'Free To Play']",['TML Team'],"['Re-Logic', 'TML Team']","16 May, 2020"

51,https://store.steampowered.com/app/2807960,Battlefield™ 6,26957,ni :/,ni :/,ni :/,ni :/

52,https://store.steampowered.com/app/294100,RimWorld,26560,"['Indie', 'Simulation', 'Strategy']",['Ludeon Studios'],['Ludeon Studios'],"17 Oct, 2018"

53,https://store.steampowered.com/app/1905180,OBS Studio,24690,"['Utilities', 'Video Production']",['OBS Project'],['OBS Project'],"14 Jul, 2014"

54,https://store.steampowered.com/app/3527290,PEAK,23844,"['Action', 'Adventure', 'Indie']",['Team PEAK'],"['Aggro Crab', 'Evil Landfall?']","16 Jun, 2025"

55,https://store.steampowered.com/app/2300320,Farming Simulator 25,23839,['Simulation'],['GIANTS Software'],['GIANTS Software'],"12 Nov, 2024"

56,https://store.steampowered.com/app/4000,Garry&#39;s Mod,23693,"['Casual', 'Indie', 'Simulation']",['Facepunch Studios'],['Valve'],"29 Nov, 2006"

57,https://store.steampowered.com/app/1364780,Street Fighter™ 6,23402,"['Action', 'Adventure']",['CAPCOM Co.'],['CAPCOM Co.'],"1 Jun, 2023"

58,https://store.steampowered.com/app/251570,7 Days to Die,22966,"['Action', 'Adventure', 'Indie', 'RPG', 'Simulation', 'Strategy']",['The Fun Pimps'],['The Fun Pimps Entertainment LLC'],"25 Jul, 2024"

59,https://store.steampowered.com/app/2399830,ARK: Survival Ascended,21283,"['Action', 'Adventure', 'Indie', 'Massively Multiplayer', 'RPG', 'Early Access']","['Studio Wildcard', 'Grove Street Games', 'Instinct Games']","['Studio Wildcard', 'Snail Games USA']","25 Oct, 2023"

60,https://store.steampowered.com/app/2073620,Arena Breakout: Infinite,20684,"['Action', 'Adventure', 'Massively Multiplayer', 'RPG', 'Strategy', 'Free To Play']",['Morefun Studios'],['Morefun Studios'],"15 Sep, 2025"

61,https://store.steampowered.com/app/1245620,ELDEN RING,20551,ni :/,ni :/,ni :/,ni :/

62,https://store.steampowered.com/app/766570,Russian Fishing 4,20371,"['Adventure', 'Casual', 'Massively Multiplayer', 'RPG', 'Simulation', 'Sports', 'Free To Play']",['FishSoft LLC'],['FishSoft LLC'],"10 Nov, 2021"

63,https://store.steampowered.com/app/1643320,S.T.A.L.K.E.R. 2: Heart of Chornobyl,20352,ni :/,ni :/,ni :/,ni :/

64,https://store.steampowered.com/app/1222670,The Sims™ 4,20065,"['Adventure', 'Casual', 'Simulation', 'Free To Play']",['Maxis'],['Electronic Arts'],"2 Sep, 2014"

65,https://store.steampowered.com/app/1665460,eFootball™,19500,"['Simulation', 'Sports', 'Free To Play']",['KONAMI'],['KONAMI'],"29 Sep, 2021"

66,https://store.steampowered.com/app/1158310,Crusader Kings III,18767,"['RPG', 'Simulation', 'Strategy']",['Paradox Development Studio'],['Paradox Interactive'],"1 Sep, 2020"

67,https://store.steampowered.com/app/284160,BeamNG.drive,18635,"['Racing', 'Simulation', 'Early Access']",['BeamNG'],['BeamNG'],"29 May, 2015"

68,https://store.steampowered.com/app/238960,Path of Exile,18417,"['Action', 'Adventure', 'Indie', 'Massively Multiplayer', 'RPG', 'Free To Play']",['Grinding Gear Games'],['Grinding Gear Games'],"23 Oct, 2013"

69,https://store.steampowered.com/app/2483190,Forza Horizon 6,17909,"['Racing', 'Simulation', 'Sports']",['Playground Games'],['Xbox Game Studios'],"18 May, 2026"

70,https://store.steampowered.com/app/346110,ARK: Survival Evolved,17838,"['Action', 'Adventure', 'Indie', 'Massively Multiplayer', 'RPG']","['Studio Wildcard', 'Instinct Games', 'Efecto Studios', 'Virtual Basement LLC']","['Studio Wildcard', 'Snail Games USA']","27 Aug, 2017"

71,https://store.steampowered.com/app/3472040,NBA 2K26,17767,['Sports'],['Visual Concepts'],['2K'],"4 Sep, 2025"

72,https://store.steampowered.com/app/489830,The Elder Scrolls V: Skyrim Special Edition,17522,ni :/,ni :/,ni :/,ni :/

73,https://store.steampowered.com/app/376210,The Isle,17382,"['Action', 'Adventure', 'Indie', 'Massively Multiplayer', 'Simulation', 'Early Access']",['Afterthought LLC'],['Afterthought LLC'],"1 Dec, 2015"

74,https://store.steampowered.com/app/1938090,Call of Duty®,17278,ni :/,ni :/,ni :/,ni :/

75,https://store.steampowered.com/app/292030,The Witcher 3: Wild Hunt,16833,ni :/,ni :/,ni :/,ni :/

76,https://store.steampowered.com/app/2139460,Once Human,16717,"['Action', 'Adventure', 'Casual', 'Massively Multiplayer', 'Racing', 'RPG', 'Simulation', 'Strategy', 'Free To Play']",['Starry Studio'],"['Starry Studio', 'NetEase Games']","9 Jul, 2024"

77,https://store.steampowered.com/app/1049590,Eternal Return,16635,ni :/,ni :/,ni :/,ni :/

78,https://store.steampowered.com/app/2622380,ELDEN RING NIGHTREIGN,16586,"['Action', 'RPG']",['FromSoftware'],"['FromSoftware', 'Bandai Namco Entertainment']","29 May, 2025"

79,https://store.steampowered.com/app/304930,Unturned,16101,"['Action', 'Adventure', 'Casual', 'Indie', 'Free To Play']",['Smartly Dressed Games'],['Smartly Dressed Games'],"7 Jul, 2017"

80,https://store.steampowered.com/app/2584270,Mortal Shell II,16076,ni :/,ni :/,ni :/,ni :/

81,https://store.steampowered.com/app/3321460,Crimson Desert,15952,ni :/,ni :/,ni :/,ni :/

82,https://store.steampowered.com/app/2252570,Football Manager 2024,15916,"['Simulation', 'Sports', 'Strategy']",['Sports Interactive'],['SEGA'],"6 Nov, 2023"

83,https://store.steampowered.com/app/1449850,Yu-Gi-Oh! Master Duel,15496,"['Simulation', 'Strategy', 'Free To Play']",['KONAMI'],['KONAMI'],"18 Jan, 2022"

84,https://store.steampowered.com/app/550,Left 4 Dead 2,15239,['Action'],['Valve'],['Valve'],"16 Nov, 2009"

85,https://store.steampowered.com/app/1476970,IdleOn - The Idle RPG,15054,"['Adventure', 'Casual', 'Indie', 'Massively Multiplayer', 'RPG', 'Simulation', 'Strategy', 'Free To Play']",['Lavaflame2'],['Lavaflame2'],"6 Nov, 2025"

86,https://store.steampowered.com/app/1771300,Kingdom Come: Deliverance II,14959,ni :/,ni :/,ni :/,ni :/

87,https://store.steampowered.com/app/365670,Blender,14794,"['Animation & Modeling', 'Design & Illustration', 'Video Production']",['Blender Foundation'],['Blender Foundation'],"2 Jan, 1994"

88,https://store.steampowered.com/app/1808500,ARC Raiders,14569,['Action'],['Embark Studios'],['Embark Studios'],"30 Oct, 2025"

89,https://store.steampowered.com/app/427520,Factorio,14468,"['Casual', 'Indie', 'Simulation', 'Strategy']",['Wube Software LTD.'],['Wube Software LTD.'],"14 Aug, 2020"

90,https://store.steampowered.com/app/582010,Monster Hunter: World,14063,['Action'],['CAPCOM Co.'],['CAPCOM Co.'],"8 Aug, 2018"

91,https://store.steampowered.com/app/629520,Soundpad,13934,"['Audio Production', 'Utilities']",['Leppsoft'],['Leppsoft'],"9 Nov, 2016"

92,https://store.steampowered.com/app/1818450,STALCRAFT: X,13898,"['Action', 'Massively Multiplayer', 'RPG', 'Free To Play']",['EXBO'],['EXBO'],"9 Dec, 2022"

93,https://store.steampowered.com/app/594650,Hunt: Showdown 1896,13556,ni :/,ni :/,ni :/,ni :/

94,https://store.steampowered.com/app/813780,Age of Empires II: Definitive Edition,13482,['Strategy'],"[""World's Edge"", 'Forgotten Empires', 'CaptureAge', 'Tantalus Media', 'Wicked Witch', 'Feral Interactive']",['Xbox Game Studios'],"14 Nov, 2019"

95,https://store.steampowered.com/app/1325860,VTube Studio,13459,"['Indie', 'Animation & Modeling', 'Video Production']",['DenchiSoft'],['DenchiSoft'],"12 Mar, 2021"

96,https://store.steampowered.com/app/2694490,Path of Exile 2,13453,"['Action', 'Adventure', 'Massively Multiplayer', 'RPG', 'Early Access']",['Grinding Gear Games'],['Grinding Gear Games'],"6 Dec, 2024"

97,https://store.steampowered.com/app/1623660,MIR4,13369,"['Action', 'Adventure', 'Massively Multiplayer', 'RPG', 'Free To Play']",['Wemade Next'],['Wemade'],"25 Aug, 2021"

98,https://store.steampowered.com/app/39210,FINAL FANTASY XIV Online,13368,ni :/,ni :/,ni :/,ni :/

99,https://store.steampowered.com/app/2246340,Monster Hunter Wilds,13219,"['Action', 'Adventure', 'RPG']",['CAPCOM Co.'],['CAPCOM Co.'],"27 Feb, 2025"

100,https://store.steampowered.com/app/3564740,Where Winds Meet,13175,"['Action', 'Adventure', 'Casual', 'Indie', 'Massively Multiplayer', 'Racing', 'RPG', 'Simulation', 'Strategy', 'Free To Play']",['Everstone Studio'],['NetEase Games'],"14 Nov, 2025"

101,https://store.steampowered.com/app/1085660,Destiny 2,13159,"['Action', 'Adventure', 'Free To Play']",['Bungie'],['Bungie'],"1 Oct, 2019"

102,https://store.steampowered.com/app/393380,Squad,13004,"['Action', 'Indie', 'Massively Multiplayer', 'Strategy']",['Offworld'],['Offworld'],"23 Sep, 2020"

103,https://store.steampowered.com/app/3241660,R.E.P.O.,12965,"['Action', 'Early Access']",['semiwork'],['semiwork'],"26 Feb, 2025"

104,https://store.steampowered.com/app/269210,Hero Siege,12709,"['Action', 'Adventure', 'Indie', 'Massively Multiplayer', 'RPG']",['Panic Art Studios Ltd'],['Panic Art Studios Ltd'],"29 Jan, 2014"

105,https://store.steampowered.com/app/3513350,Wuthering Waves,12698,"['Action', 'Adventure', 'RPG', 'Free To Play']",['KURO GAMES'],['KURO GAMES'],"28 Apr, 2025"

106,https://store.steampowered.com/app/526870,Satisfactory,12075,"['Adventure', 'Indie', 'Simulation', 'Strategy']",['Coffee Stain Studios'],['Coffee Stain Publishing'],"10 Sep, 2024"

107,https://store.steampowered.com/app/3767850,SpiritVale,11828,"['Action', 'Indie', 'Massively Multiplayer', 'RPG', 'Early Access']",['Baikun Interactive'],['Baikun Interactive'],"15 Jul, 2026"

108,https://store.steampowered.com/app/1868140,DAVE THE DIVER,11653,"['Adventure', 'Casual', 'RPG', 'Simulation']",['MINTROCKET'],['MINTROCKET'],"28 Jun, 2023"

109,https://store.steampowered.com/app/1283970,YoloMouse - Cursor Changer,11372,"['Action', 'Indie', 'Free To Play', 'Animation & Modeling', 'Design & Illustration', 'Education', 'Photo Editing', 'Software Training', 'Utilities', 'Game Development']",['Dragonrise Games'],['Dragonrise Games'],"1 May, 2020"

110,https://store.steampowered.com/app/582660,Black Desert,11279,"['Action', 'Adventure', 'Massively Multiplayer', 'RPG', 'Strategy']",['Pearl Abyss'],['Pearl Abyss'],"24 May, 2017"

111,https://store.steampowered.com/app/1329410,雀魂麻将(MahjongSoul),11214,ni :/,ni :/,ni :/,ni :/

112,https://store.steampowered.com/app/8930,Sid Meier&#39;s Civilization V,11110,['Strategy'],"['Firaxis Games', 'Aspyr (Mac)', 'Aspyr (Linux)']","['2K', 'Aspyr (Mac)', 'Aspyr (Linux)']","23 Sep, 2010"

113,https://store.steampowered.com/app/1551360,Forza Horizon 5,10937,"['Action', 'Adventure', 'Racing', 'Simulation', 'Sports']",['Playground Games'],['Xbox Game Studios'],"8 Nov, 2021"

114,https://store.steampowered.com/app/892970,Valheim,10723,"['Action', 'Adventure', 'Indie', 'RPG', 'Early Access']",['Iron Gate AB'],['Coffee Stain Publishing'],"2 Feb, 2021"

115,https://store.steampowered.com/app/552990,World of Warships,10347,"['Action', 'Massively Multiplayer', 'Simulation', 'Strategy', 'Free To Play']",['Wargaming Group Limited'],['Wargaming Group Limited'],"15 Nov, 2017"

116,https://store.steampowered.com/app/3595270,Call of Duty®: Modern Warfare® III,9991,ni :/,ni :/,ni :/,ni :/

117,https://store.steampowered.com/app/281990,Stellaris,9969,"['Simulation', 'Strategy']",['Paradox Development Studio'],['Paradox Interactive'],"9 May, 2016"

118,https://store.steampowered.com/app/255710,Cities: Skylines,9856,"['Simulation', 'Strategy']",['Colossal Order'],['Paradox Interactive'],"10 Mar, 2015"

119,https://store.steampowered.com/app/4025700,Heartopia,9838,"['Casual', 'Simulation', 'Free To Play']",['XD'],['XD'],"16 Jan, 2026"

120,https://store.steampowered.com/app/252950,Rocket League,9690,"['Action', 'Indie', 'Racing', 'Sports']",['Psyonix LLC'],['Psyonix LLC'],"7 Jul, 2015"

121,https://store.steampowered.com/app/4128580,BidKing:竞拍之王,9576,"['Casual', 'Indie', 'Massively Multiplayer', 'Simulation', 'Sports', 'Strategy']",['MindSurge Network &amp; Games'],['Elegoose Games'],"15 Apr, 2026"

122,https://store.steampowered.com/app/949230,Cities: Skylines II,9570,['Simulation'],"['Iceflake Studios', 'Colossal Order']",['Paradox Interactive'],"24 Oct, 2023"

123,https://store.steampowered.com/app/2142790,Fields of Mistria,9538,"['Indie', 'RPG', 'Simulation']",['NPC Studio'],['NPC Studio'],"5 Aug, 2026"

124,https://store.steampowered.com/app/236850,Europa Universalis IV,9446,"['Simulation', 'Strategy']","['Paradox Development Studio', 'Paradox Tinto']",['Paradox Interactive'],"13 Aug, 2013"

125,https://store.steampowered.com/app/2183900,"Warhammer 40,000: Space Marine 2",9348,ni :/,ni :/,ni :/,ni :/

126,https://store.steampowered.com/app/2436940,Sephiria,9313,"['Action', 'Adventure', 'Indie', 'RPG']",['TEAM HORAY'],['TEAM HORAY'],"31 Jul, 2026"

127,https://store.steampowered.com/app/513710,SCUM,9306,"['Action', 'Adventure', 'Indie', 'Massively Multiplayer']",['Gamepires'],['Gamepires'],"17 Jun, 2025"

128,https://store.steampowered.com/app/2763740,Revolution Idle,9234,"['Casual', 'Indie', 'Simulation', 'Free To Play']","['Oni Gaming', 'Nu Games']",['Oni Gaming'],"1 May, 2025"

129,https://store.steampowered.com/app/583950,Artifact Classic,9189,['Strategy'],['Valve'],['Valve'],"28 Nov, 2018"

130,https://store.steampowered.com/app/4164790,Survival Log,9049,"['Adventure', 'RPG', 'Simulation', 'Strategy']",['Midnight Workshop'],['Lilith Games'],"12 Aug, 2026"

131,https://store.steampowered.com/app/457140,Oxygen Not Included,9007,"['Indie', 'Simulation']",['Klei Entertainment'],['Klei Entertainment'],"30 Jul, 2019"

132,https://store.steampowered.com/app/2074920,The First Descendant,8981,"['Action', 'Adventure', 'RPG', 'Free To Play']",['NEXON Games Co.'],['NEXON'],"30 Jun, 2024"

133,https://store.steampowered.com/app/1687950,Persona 5 Royal,8844,['RPG'],['ATLUS'],['SEGA'],"20 Oct, 2022"

134,https://store.steampowered.com/app/1942280,Brotato,8818,"['Action', 'Casual', 'Indie', 'RPG']",['Blobfish'],['Blobfish'],"23 Jun, 2023"

135,https://store.steampowered.com/app/1466860,Age of Empires IV: Anniversary Edition,8722,['Strategy'],"[""World's Edge"", 'Relic Entertainment', 'Forgotten Empires', 'Climax Studios']",['Xbox Game Studios'],"28 Oct, 2021"

136,https://store.steampowered.com/app/3282300,Mistfall Hunter,8721,"['Action', 'Adventure']",['Bellring Games'],['Skystone Games'],"29 Jul, 2026"

137,https://store.steampowered.com/app/1920960,VPet,8710,"['Casual', 'Indie', 'RPG', 'Simulation', 'Free To Play']",['LB Game'],['LB Game'],"13 Aug, 2023"

138,https://store.steampowered.com/app/377160,Fallout 4,8542,ni :/,ni :/,ni :/,ni :/

139,https://store.steampowered.com/app/262060,Darkest Dungeon®,8443,"['Indie', 'RPG', 'Strategy']",['Red Hook Studios'],['Red Hook Studios'],"19 Jan, 2016"

140,https://store.steampowered.com/app/1454400,Cookie Clicker,8340,"['Casual', 'Indie', 'Simulation', 'Strategy']","['Orteil', 'DashNet']",['Playsaurus'],"1 Sep, 2021"

141,https://store.steampowered.com/app/1874880,Arma Reforger,8230,ni :/,ni :/,ni :/,ni :/

142,https://store.steampowered.com/app/2073850,THE FINALS,8229,"['Action', 'Free To Play']",['Embark Studios'],['Embark Studios'],"7 Dec, 2023"

143,https://store.steampowered.com/app/244210,Assetto Corsa,8151,"['Indie', 'Racing', 'Simulation', 'Sports']",['Kunos Simulazioni'],['505 Games'],"19 Dec, 2014"

144,https://store.steampowered.com/app/10,Counter-Strike,7987,['Action'],['Valve'],['Valve'],"1 Nov, 2000"

145,https://store.steampowered.com/app/1030300,Hollow Knight: Silksong,7985,"['Action', 'Adventure', 'Indie']",['Team Cherry'],['Team Cherry'],"4 Sep, 2025"

146,https://store.steampowered.com/app/216150,MapleStory,7873,"['Action', 'Adventure', 'Casual', 'Massively Multiplayer', 'RPG', 'Free To Play']",['NEXON Korea Corporation'],['Nexon America Inc.'],"9 Aug, 2012"

147,https://store.steampowered.com/app/306130,The Elder Scrolls® Online,7798,ni :/,ni :/,ni :/,ni :/

148,https://store.steampowered.com/app/700330,SCP: Secret Laboratory,7703,"['Action', 'Casual', 'Indie', 'RPG', 'Free To Play']",['Northwood Studios'],['Northwood Studios'],"29 Dec, 2017"

149,https://store.steampowered.com/app/646570,Slay the Spire,7647,"['Indie', 'Strategy']",['Mega Crit'],['Mega Crit'],"23 Jan, 2019"

150,https://store.steampowered.com/app/2050650,Resident Evil 4,7593,ni :/,ni :/,ni :/,ni :/

151,https://store.steampowered.com/app/367520,Hollow Knight,7425,"['Action', 'Adventure', 'Indie']",['Team Cherry'],['Team Cherry'],"24 Feb, 2017"

152,https://store.steampowered.com/app/2141910,Magic: The Gathering Arena,7291,"['Strategy', 'Free To Play']",['Wizards of the Coast'],['Wizards of the Coast'],"23 May, 2023"

153,https://store.steampowered.com/app/3564400,ウマ娘 プリティーダービー,7133,ni :/,ni :/,ni :/,ni :/

154,https://store.steampowered.com/app/291550,Brawlhalla,7066,"['Action', 'Indie', 'Free To Play']",['Blue Mammoth Games'],['Ubisoft'],"17 Oct, 2017"

155,https://store.steampowered.com/app/275850,No Man&#39;s Sky,7059,"['Action', 'Adventure']",['Hello Games'],['Hello Games'],"12 Aug, 2016"

156,https://store.steampowered.com/app/219990,Grim Dawn,7052,"['Action', 'Adventure', 'Indie', 'RPG']",['Crate Entertainment'],['Crate Entertainment'],"25 Feb, 2016"

157,https://store.steampowered.com/app/2709570,Supermarket Together,7024,"['Casual', 'Indie', 'Simulation', 'Free To Play']",['DeadDevsTellNoLies'],['DeadDevsTellNoLies'],"9 Aug, 2024"

158,https://store.steampowered.com/app/1407200,World of Tanks,7016,"['Action', 'Massively Multiplayer', 'Simulation', 'Free To Play']",['Wargaming Group Limited'],['Wargaming Group Limited'],"28 Apr, 2021"

159,https://store.steampowered.com/app/387990,Scrap Mechanic,6954,"['Action', 'Adventure', 'Indie', 'Simulation']",['Axolot Games'],['Axolot Games'],"24 Jul, 2026"

160,https://store.steampowered.com/app/960090,Bloons TD 6,6867,['Strategy'],['Ninja Kiwi'],['Ninja Kiwi'],"17 Dec, 2018"

161,https://store.steampowered.com/app/1426210,It Takes Two,6777,"['Action', 'Adventure']",['Hazelight Studios'],['Electronic Arts'],"25 Mar, 2021"

162,https://store.steampowered.com/app/761890,Albion Online,6722,"['Massively Multiplayer', 'RPG', 'Free To Play']",['Sandbox Interactive GmbH'],['Sandbox Interactive GmbH'],"17 Jul, 2017"

163,https://store.steampowered.com/app/945360,Among Us,6678,['Casual'],['Innersloth'],['Innersloth'],"16 Nov, 2018"

164,https://store.steampowered.com/app/648800,Raft,6574,"['Adventure', 'Indie', 'Simulation']",['Redbeet Interactive'],['Axolot Games'],"20 Jun, 2022"

165,https://store.steampowered.com/app/977400,Cell to Singularity - Evolution Never Ends,6417,"['Casual', 'Simulation', 'Free To Play']",['Computer Lunch'],['Computer Lunch'],"3 Nov, 2021"

166,https://store.steampowered.com/app/739630,Phasmophobia,6375,"['Action', 'Indie', 'Early Access']",['Kinetic Games'],['Kinetic Games'],"18 Sep, 2020"

167,https://store.steampowered.com/app/812140,Assassin&#39;s Creed Odyssey,6371,"['Action', 'Adventure', 'RPG']","['Ubisoft Quebec', 'Ubisoft Montreal', 'Ubisoft Bucharest', 'Ubisoft Singapore', 'Ubisoft Montpellier', 'Ubisoft Kiev', 'Ubisoft Shanghai']",['Ubisoft'],"5 Oct, 2018"

168,https://store.steampowered.com/app/3450310,Europa Universalis V,6350,['Strategy'],['Paradox Tinto'],['Paradox Interactive'],"4 Nov, 2025"

169,https://store.steampowered.com/app/3224770,Umamusume: Pretty Derby,6333,"['Simulation', 'Sports', 'Free To Play']",['Cygames'],['Cygames'],"24 Jun, 2025"

170,https://store.steampowered.com/app/2016590,Dark and Darker,6332,ni :/,ni :/,ni :/,ni :/

171,https://store.steampowered.com/app/2426960,Summoners War,6310,"['RPG', 'Strategy', 'Free To Play']",['Com2uS'],['Com2uS'],"7 Jan, 2024"

172,https://store.steampowered.com/app/1238840,Battlefield™ 1,6304,ni :/,ni :/,ni :/,ni :/

173,https://store.steampowered.com/app/2379780,Balatro,6291,"['Casual', 'Indie', 'Strategy']",['LocalThunk'],['Playstack'],"20 Feb, 2024"

174,https://store.steampowered.com/app/460930,Tom Clancy&#39;s Ghost Recon® Wildlands,6265,"['Action', 'Adventure']","['Ubisoft Paris', 'Ubisoft Annecy', 'Ubisoft Bucharest', 'Ubisoft Montpellier', 'Ubisoft Milan', 'Reflections', 'Ubisoft Belgrade']",['Ubisoft'],"6 Mar, 2017"

175,https://store.steampowered.com/app/714010,Aimlabs,6198,"['Action', 'Adventure', 'Casual', 'Indie', 'Simulation', 'Free To Play']",['Statespace'],['Statespace'],"16 Jun, 2023"

176,https://store.steampowered.com/app/1778820,TEKKEN 8,6137,['Action'],['Bandai Namco Studios Inc.'],['Bandai Namco Entertainment'],"25 Jan, 2024"

177,https://store.steampowered.com/app/2764460,Sandustry,6133,"['Simulation', 'Strategy', 'Early Access']",['Lantto Games'],['Hooded Horse'],"13 Aug, 2026"

178,https://store.steampowered.com/app/1295660,Sid Meier&#39;s Civilization® VII,6027,"['Simulation', 'Strategy']",['Firaxis Games'],['2K'],"10 Feb, 2025"

179,https://store.steampowered.com/app/993090,Lossless Scaling,6019,['Utilities'],['THS'],['THS'],"28 Dec, 2018"

180,https://store.steampowered.com/app/1943950,Escape the Backrooms,6014,"['Action', 'Indie']","['Fancy Games', 'Blackbird Interactive']",['Secret Mode'],"23 Oct, 2025"

181,https://store.steampowered.com/app/1144200,Ready or Not,5999,"['Action', 'Adventure', 'Indie']",['VOID Interactive'],['VOID Interactive'],"13 Dec, 2023"

182,https://store.steampowered.com/app/881020,Granblue Fantasy: Relink,5962,"['Action', 'Adventure', 'RPG']",['Cygames'],['Cygames'],"31 Jan, 2024"

183,https://store.steampowered.com/app/544810,KARDS - The WW2 Card Game,5821,"['Casual', 'Indie', 'Strategy', 'Free To Play']",['1939 Games'],['1939 Games'],"15 Apr, 2020"

184,https://store.steampowered.com/app/2707930,Palia,5814,"['Adventure', 'Casual', 'Indie', 'RPG', 'Simulation', 'Free To Play']",['Singularity 6 Corporation'],['Singularity 6 Corporation'],"25 Mar, 2024"

185,https://store.steampowered.com/app/2661300,Grounded 2,5811,"['Action', 'Adventure', 'Early Access']","['Obsidian Entertainment', 'Eidos-Montréal']",['Xbox Game Studios'],"29 Jul, 2025"

186,https://store.steampowered.com/app/1446780,MONSTER HUNTER RISE,5799,['Action'],['CAPCOM Co.'],['CAPCOM Co.'],"12 Jan, 2022"

187,https://store.steampowered.com/app/2250040,Crosshair V2,5788,['Utilities'],['CenterPoint Gaming'],['CenterPoint Gaming'],"26 Jan, 2023"

188,https://store.steampowered.com/app/529340,Victoria 3,5730,"['Simulation', 'Strategy']",['Paradox Development Studio'],['Paradox Interactive'],"25 Oct, 2022"

189,https://store.steampowered.com/app/3164500,Schedule I,5703,"['Action', 'Indie', 'Simulation', 'Strategy', 'Early Access']",['TVGS'],['TVGS'],"24 Mar, 2025"

190,https://store.steampowered.com/app/1617400,The Bazaar,5657,['Strategy'],['Tempo'],['Tempo'],"13 Aug, 2025"

191,https://store.steampowered.com/app/814380,Sekiro™: Shadows Die Twice - GOTY Edition,5640,ni :/,ni :/,ni :/,ni :/

192,https://store.steampowered.com/app/431730,Aseprite,5631,"['Animation & Modeling', 'Design & Illustration', 'Game Development']",['Igara Studio'],['Igara Studio'],"22 Feb, 2016"

193,https://store.steampowered.com/app/3451980,Soul&#39;s Remnant,5591,"['Adventure', 'Casual', 'Indie', 'Massively Multiplayer', 'RPG', 'Free To Play', 'Early Access']",['Chaomoon'],['Chaomoon'],"13 Aug, 2026"

194,https://store.steampowered.com/app/3659280,Off The Grid,5574,"['Action', 'Massively Multiplayer', 'Free To Play']",['Gunzilla Games'],['Gunzilla Games'],"17 Jul, 2025"

195,https://store.steampowered.com/app/1817070,Marvel’s Spider-Man Remastered,5569,"['Action', 'Adventure', 'Casual']","['Insomniac Games', 'Nixxes Software']",['PlayStation Publishing LLC'],"12 Aug, 2022"

196,https://store.steampowered.com/app/1431300,SAND: Raiders of Sophie,5510,"['Action', 'Adventure', 'Early Access']","['Hologryph', 'TowerHaus']",['tinyBuild'],"22 Jun, 2026"

197,https://store.steampowered.com/app/2163330,Yet Another Zombie Survivors,5465,ni :/,ni :/,ni :/,ni :/

198,https://store.steampowered.com/app/1248130,Farming Simulator 22,5451,['Simulation'],['GIANTS Software'],['GIANTS Software'],"21 Nov, 2021"

199,https://store.steampowered.com/app/2394010,Palworld Dedicated Server,5426,ni :/,ni :/,ni :/,ni :/

200,https://store.steampowered.com/app/2651280,Marvel&#39;s Spider-Man 2,5394,"['Action', 'Adventure']","['Insomniac Games', 'Nixxes Software']",['PlayStation Publishing LLC'],"30 Jan, 2025"

201,https://store.steampowered.com/app/444200,World of Tanks Blitz,5361,"['Action', 'Massively Multiplayer', 'Simulation', 'Strategy', 'Free To Play']",['Wargaming Group Limited'],['Wargaming Group Limited'],"9 Nov, 2016"

202,https://store.steampowered.com/app/8710,STCC - The Game Demo Dedicated Server,5331,ni :/,ni :/,ni :/,ni :/

203,https://store.steampowered.com/app/2161700,Persona 3 Reload,5311,"['Adventure', 'RPG', 'Strategy']",['ATLUS'],['SEGA'],"1 Feb, 2024"

204,https://store.steampowered.com/app/3679080,The Seven Deadly Sins: Origin,5292,"['Action', 'Adventure', 'Massively Multiplayer', 'RPG', 'Simulation', 'Free To Play']",['Netmarble F&amp;C'],['Netmarble'],"16 Mar, 2026"

205,https://store.steampowered.com/app/107410,Arma 3,5252,"['Action', 'Simulation', 'Strategy']",['Bohemia Interactive'],['Bohemia Interactive'],"12 Sep, 2013"

206,https://store.steampowered.com/app/815370,Green Hell,5192,"['Action', 'Adventure', 'Indie', 'Simulation']",['Creepy Jar'],['Creepy Jar'],"5 Sep, 2019"

207,https://store.steampowered.com/app/2537590,Microsoft Flight Simulator 2024,5134,['Simulation'],['Asobo Studio'],['Xbox Game Studios'],"19 Nov, 2024"

208,https://store.steampowered.com/app/440900,Conan Exiles,5099,"['Action', 'Adventure', 'Massively Multiplayer', 'RPG', 'Simulation', 'Strategy']","['Funcom', 'Inflexion Games']",['Funcom'],"8 May, 2018"

209,https://store.steampowered.com/app/1361210,"Warhammer 40,000: Darktide",5079,"['Action', 'Adventure', 'RPG']",['Fatshark'],['Fatshark'],"30 Nov, 2022"

210,https://store.steampowered.com/app/1326470,Sons Of The Forest,4994,"['Action', 'Adventure', 'Indie', 'Simulation']",['Endnight Games Ltd'],['Newnight '],"22 Feb, 2024"

211,https://store.steampowered.com/app/1478500,Big Walk,4993,['Adventure'],['House House'],['Panic'],"4 Aug, 2026"

212,https://store.steampowered.com/app/3557620,Blue Archive,4976,"['Adventure', 'Casual', 'RPG', 'Strategy', 'Free To Play']",['NEXON Games'],['NEXON Korea'],"3 Jul, 2025"

213,https://store.steampowered.com/app/779340,Total War: THREE KINGDOMS,4971,"['Action', 'Strategy']","['CREATIVE ASSEMBLY', 'Feral Interactive (Mac)', 'Feral Interactive (Linux)']","['SEGA', 'Feral Interactive (Mac)', 'Feral Interactive (Linux)']","23 May, 2019"

214,https://store.steampowered.com/app/2429640,Throne and Liberty,4876,ni :/,ni :/,ni :/,ni :/

215,https://store.steampowered.com/app/1238810,Battlefield™ V,4856,['Action'],['DICE'],['Electronic Arts'],"9 Nov, 2018"

216,https://store.steampowered.com/app/1267910,Melvor Idle,4833,"['Adventure', 'Casual', 'Indie', 'RPG']",['Games by Malcs'],['Jagex Ltd'],"18 Nov, 2021"

217,https://store.steampowered.com/app/243750,Source SDK Base 2013 Multiplayer,4730,ni :/,ni :/,ni :/,ni :/

218,https://store.steampowered.com/app/1203620,Enshrouded,4719,"['Action', 'Adventure', 'Indie', 'RPG', 'Early Access']",['Keen Games GmbH'],['Keen Games GmbH'],"24 Jan, 2024"

219,https://store.steampowered.com/app/1447430,小黑盒加速器,4675,"['Software Training', 'Web Publishing', 'Game Development']",['Qing Feng Beijing Technology'],['Qing Feng Beijing Technology'],"24 May, 2021"

220,https://store.steampowered.com/app/632360,Risk of Rain 2,4652,"['Action', 'Indie']",['Hopoo Games'],"['Gearbox Publishing', '2K']","11 Aug, 2020"

221,https://store.steampowered.com/app/3198850,Play Together,4641,ni :/,ni :/,ni :/,ni :/

222,https://store.steampowered.com/app/292000,No More Room in Hell 2,4584,"['Action', 'Indie']",['Torn Banner Studios'],['Torn Banner Studios'],"11 Aug, 2026"

223,https://store.steampowered.com/app/233860,Kenshi,4521,"['Action', 'Indie', 'RPG', 'Simulation', 'Strategy']",['Lo-Fi Games'],['Lo-Fi Games'],"6 Dec, 2018"

224,https://store.steampowered.com/app/380600,Fishing Planet,4414,"['Massively Multiplayer', 'Simulation', 'Sports', 'Free To Play']",['Fishing Planet LLC'],['Fishing Planet LLC'],"11 Aug, 2015"

225,https://store.steampowered.com/app/3681010,Nioh 3,4410,ni :/,ni :/,ni :/,ni :/

226,https://store.steampowered.com/app/1876890,Wandering Sword,4407,"['Adventure', 'Indie', 'RPG', 'Strategy']",['The Swordman Studio'],['Spiral Up Games'],"14 Sep, 2023"

227,https://store.steampowered.com/app/1363080,Manor Lords,4378,"['Simulation', 'Strategy', 'Early Access']",['Slavic Magic'],['Hooded Horse'],"26 Apr, 2024"

228,https://store.steampowered.com/app/2231380,Tom Clancy&#39;s Ghost Recon® Breakpoint,4324,ni :/,ni :/,ni :/,ni :/

229,https://store.steampowered.com/app/3059520,F1® 25,4305,"['Racing', 'Sports']",['Codemasters'],['Electronic Arts'],"30 May, 2025"

230,https://store.steampowered.com/app/1468810,鬼谷八荒 Tale of Immortal,4280,"['Action', 'Adventure', 'Indie', 'RPG', 'Simulation']",['鬼谷工作室'],"['鬼谷工作室', 'Lightning Games']","26 May, 2023"

231,https://store.steampowered.com/app/3105440,Heroes of Might and Magic: Olden Era,4258,"['RPG', 'Strategy', 'Early Access']",['Unfrozen'],['Hooded Horse'],"30 Apr, 2026"

232,https://store.steampowered.com/app/214950,Total War: ROME II - Emperor Edition,4258,['Strategy'],"['CREATIVE ASSEMBLY', 'Feral Interactive']","['SEGA', 'Feral Interactive']","2 Sep, 2013"

233,https://store.steampowered.com/app/3301060,Desktop Mate,4257,"['Free To Play', 'Animation & Modeling', 'Utilities']",['infiniteloop'],['infiniteloop'],"7 Jan, 2025"

234,https://store.steampowered.com/app/1677280,Company of Heroes 3,4224,ni :/,ni :/,ni :/,ni :/

235,https://store.steampowered.com/app/2536520,Diablo II: Resurrected – Infernal Edition,4218,"['Action', 'RPG', 'Strategy']",['Blizzard Entertainment'],['Blizzard Entertainment'],"11 Feb, 2026"

236,https://store.steampowered.com/app/2001120,Split Fiction,4205,"['Action', 'Adventure']",['Hazelight Studios'],['Electronic Arts'],"6 Mar, 2025"

237,https://store.steampowered.com/app/270880,American Truck Simulator,4199,"['Indie', 'Simulation']",['SCS Software'],['SCS Software'],"2 Feb, 2016"

238,https://store.steampowered.com/app/1260320,Party Animals,4190,"['Action', 'Casual', 'Indie']",['Recreate Games'],['Source Technology'],"20 Sep, 2023"

239,https://store.steampowered.com/app/4243990,Path of Idle: Old Gods Rising,4176,"['Adventure', 'Casual', 'Indie', 'RPG', 'Strategy']","['Small Mill', 'Small Mill']","['Small Mill', 'Small Mill']","12 Aug, 2026"

240,https://store.steampowered.com/app/1149460,ICARUS,4163,"['Action', 'Adventure', 'Simulation']",['RocketWerkz'],['RocketWerkz'],"3 Dec, 2021"

241,https://store.steampowered.com/app/2325290,Sky: Children of the Light,4139,"['Adventure', 'Casual', 'Indie', 'Massively Multiplayer', 'RPG', 'Free To Play', 'Early Access']",['thatgamecompany'],['thatgamecompany'],"10 Apr, 2024"

242,https://store.steampowered.com/app/379430,Kingdom Come: Deliverance,4111,ni :/,ni :/,ni :/,ni :/

243,https://store.steampowered.com/app/1891700,Tap Ninja - Idle game,4089,"['Action', 'Adventure', 'Casual', 'Indie', 'Massively Multiplayer', 'RPG', 'Simulation', 'Strategy', 'Free To Play']",['Broken Glass'],['Broken Glass'],"17 Mar, 2022"

244,https://store.steampowered.com/app/1812620,DSX,4080,"['Action', 'Adventure', 'Indie', 'Simulation', 'Utilities']",['Paliverse'],['Paliverse'],"24 Jun, 2022"

245,https://store.steampowered.com/app/1313140,Cult of the Lamb,4059,"['Action', 'Adventure', 'Indie', 'Strategy']",['Massive Monster'],['Devolver Digital'],"11 Aug, 2022"

246,https://store.steampowered.com/app/3722330,Shift At Midnight,4049,"['Indie', 'Simulation']",['Bun Muen'],['Kwalee'],"22 Jul, 2026"

247,https://store.steampowered.com/app/3279780,Horizon Walker,4015,ni :/,ni :/,ni :/,ni :/

248,https://store.steampowered.com/app/435150,Divinity: Original Sin 2 - Definitive Edition,3982,"['Adventure', 'RPG', 'Strategy']",['Larian Studios'],['Larian Studios'],"14 Sep, 2017"

249,https://store.steampowered.com/app/2471100,Unnamed Space Idle,3981,"['Casual', 'Simulation', 'Free To Play', 'Early Access']",['Sylv'],['Jdog Corp'],"27 Jul, 2023"

250,https://store.steampowered.com/app/1903340,Clair Obscur: Expedition 33,3969,ni :/,ni :/,ni :/,ni :/

251,https://store.steampowered.com/app/48700,Mount &amp; Blade: Warband,3960,"['Action', 'RPG']",['TaleWorlds Entertainment'],['TaleWorlds Entertainment'],"31 Mar, 2010"

252,https://store.steampowered.com/app/958260,DEAD OR ALIVE Xtreme Venus Vacation,3917,ni :/,ni :/,ni :/,ni :/

253,https://store.steampowered.com/app/2552430,KINGDOM HEARTS -HD 1.5&#43;2.5 ReMIX-,3909,"['Action', 'Adventure', 'RPG']",['Square Enix'],['Square Enix'],"13 Jun, 2024"

254,https://store.steampowered.com/app/548430,Deep Rock Galactic,3906,['Action'],['Ghost Ship Games'],['Coffee Stain Publishing'],"13 May, 2020"

255,https://store.steampowered.com/app/239140,Dying Light,3865,ni :/,ni :/,ni :/,ni :/

256,https://store.steampowered.com/app/400750,Call to Arms - Gates of Hell: Ostfront,3859,"['Action', 'Simulation', 'Strategy']","['Barbedwire Studios', 'Digitalmindsoft']",['Digitalmindsoft'],"11 Jun, 2021"

257,https://store.steampowered.com/app/534380,Dying Light 2 Stay Human: Reloaded Edition,3859,"['Action', 'Adventure', 'RPG']",['Techland'],['Techland'],"3 Feb, 2022"

258,https://store.steampowered.com/app/3892270,Gamble With Your Friends,3854,"['Adventure', 'Indie', 'Simulation']",['TEAM GWYF'],['TENSTACK'],"1 May, 2026"

259,https://store.steampowered.com/app/2669320,EA SPORTS FC 25,3845,"['Simulation', 'Sports']","['EA Canada', 'EA Romania']",['Electronic Arts'],"26 Sep, 2024"

260,https://store.steampowered.com/app/990080,Hogwarts Legacy,3825,"['Action', 'Adventure', 'RPG']",['Avalanche Software'],['Warner Bros. Games'],"10 Feb, 2023"

261,https://store.steampowered.com/app/1151340,Fallout 76,3805,ni :/,ni :/,ni :/,ni :/

262,https://store.steampowered.com/app/728880,Overcooked! 2,3798,"['Action', 'Casual', 'Indie']","['Ghost Town Games Ltd.', 'Team17']",['Team17'],"7 Aug, 2018"

263,https://store.steampowered.com/app/1671210,DELTARUNE,3798,"['Indie', 'RPG']",['tobyfox'],['tobyfox'],"4 Jun, 2025"

264,https://store.steampowered.com/app/286160,Tabletop Simulator,3781,"['Casual', 'Indie', 'RPG', 'Simulation', 'Strategy']",['Berserk Games'],['Berserk Games'],"5 Jun, 2015"

265,https://store.steampowered.com/app/2186680,"Warhammer 40,000: Rogue Trader",3765,"['Action', 'Adventure', 'Indie', 'RPG', 'Strategy']",['Owlcat Games'],['Owlcat Games'],"7 Dec, 2023"

266,https://store.steampowered.com/app/1066780,Transport Fever 2,3736,"['Casual', 'Indie', 'Simulation', 'Strategy']",['Urban Games'],['Good Shepherd Entertainment'],"11 Dec, 2019"

267,https://store.steampowered.com/app/2344520,Diablo® IV,3703,ni :/,ni :/,ni :/,ni :/

268,https://store.steampowered.com/app/3590,Plants vs. Zombies: Game of the Year,3653,['Strategy'],['PopCap Games'],"['PopCap Games', 'Electronic Arts']","5 May, 2009"

269,https://store.steampowered.com/app/3061570,Persona5: The Phantom X,3636,"['Adventure', 'RPG', 'Free To Play']","['ATLUS', 'SEGA', 'Perfect World']",['SEGA'],"25 Jun, 2025"

270,https://store.steampowered.com/app/3511030,Mini Cozy Room : Lo-Fi,3592,"['Casual', 'Indie']","['Tesseract Studio', 'Nugem Studio']",['Tesseract Studio'],"30 Mar, 2025"

271,https://store.steampowered.com/app/268500,XCOM® 2,3569,['Strategy'],"['Firaxis Games', 'Feral Interactive (Mac)', 'Feral Interactive (Linux)']","['2K', 'Feral Interactive (Mac)', 'Feral Interactive (Linux)']","4 Feb, 2016"

272,https://store.steampowered.com/app/1284210,Guild Wars 2®,3564,"['Adventure', 'Massively Multiplayer', 'RPG', 'Free To Play']",['ArenaNet®'],"['ArenaNet®', 'NCSOFT']","23 Aug, 2022"

273,https://store.steampowered.com/app/3167020,Escape from Duckov 逃离鸭科夫,3550,"['Action', 'Adventure', 'Indie', 'RPG']",['Team Soda'],['bilibili'],"16 Oct, 2025"

274,https://store.steampowered.com/app/374320,DARK SOULS™ III,3543,['Action'],['FromSoftware'],"['FromSoftware', 'Bandai Namco Entertainment']","11 Apr, 2016"

275,https://store.steampowered.com/app/1258080,Shop Titans,3523,"['Adventure', 'Casual', 'RPG', 'Simulation', 'Free To Play']",['Kabam Games'],['Kabam Games'],"5 May, 2020"

276,https://store.steampowered.com/app/3595230,Call of Duty®: Modern Warfare® II,3494,ni :/,ni :/,ni :/,ni :/

277,https://store.steampowered.com/app/34120,Aliens vs Predator Dedicated Server,3492,ni :/,ni :/,ni :/,ni :/

278,https://store.steampowered.com/app/1568590,Goose Goose Duck,3482,"['Casual', 'Indie', 'Massively Multiplayer', 'Strategy', 'Free To Play']",['Gaggle Studios'],['Gaggle Studios'],"3 Oct, 2021"

279,https://store.steampowered.com/app/518790,theHunter: Call of the Wild™,3472,"['Adventure', 'Simulation', 'Sports']",['Expansive Worlds'],['Avalanche Studios'],"16 Feb, 2017"

280,https://store.steampowered.com/app/1997040,MARVEL SNAP,3464,ni :/,ni :/,ni :/,ni :/

281,https://store.steampowered.com/app/1118200,People Playground,3463,"['Action', 'Casual', 'Indie', 'Simulation']",['mestiez'],['Studio Minus'],"23 Jul, 2019"

282,https://store.steampowered.com/app/2878980,NBA 2K25,3441,"['Simulation', 'Sports']",['Visual Concepts'],['2K'],"28 Oct, 2024"

283,https://store.steampowered.com/app/2445690,Lost Castle 2,3418,"['Action', 'Adventure', 'Indie', 'RPG']",['Hunter Studio'],['Hunter Studio'],"10 Jun, 2026"

284,https://store.steampowered.com/app/232090,Killing Floor 2,3381,ni :/,ni :/,ni :/,ni :/

285,https://store.steampowered.com/app/824270,KovaaK&#39;s,3378,"['Action', 'Indie', 'Simulation']",['KovaaK Games'],['KovaaK Games'],"3 Apr, 2018"

286,https://store.steampowered.com/app/1604270,Broken Arrow,3365,['Strategy'],['Steel Balalaika'],['Slitherine Ltd.'],"19 Jun, 2025"

287,https://store.steampowered.com/app/3199170,BLOODSTRIKE,3355,"['Action', 'Adventure', 'Massively Multiplayer', 'Strategy', 'Free To Play']",['NetEase Games'],['NetEase Games'],"13 Mar, 2025"

288,https://store.steampowered.com/app/8500,EVE Online,3353,"['Action', 'Massively Multiplayer', 'RPG', 'Strategy', 'Free To Play']",['Fenris Creations'],['Fenris Creations'],"5 May, 2003"

289,https://store.steampowered.com/app/933110,Age of Empires III: Definitive Edition,3351,['Strategy'],"[""World's Edge"", 'Tantalus Media', 'Forgotten Empires']",['Xbox Game Studios'],"15 Oct, 2020"

290,https://store.steampowered.com/app/8770,RACE On - Demo: Dedicated Server,3341,ni :/,ni :/,ni :/,ni :/

291,https://store.steampowered.com/app/686060,Mewgenics,3251,"['Adventure', 'Indie', 'RPG', 'Simulation', 'Strategy']","['Edmund McMillen', 'Tyler Glaiel']","['Edmund McMillen', 'Tyler Glaiel']","10 Feb, 2026"

292,https://store.steampowered.com/app/703080,Planet Zoo,3233,"['Casual', 'Simulation', 'Strategy']",['Frontier Developments'],['Frontier Developments'],"5 Nov, 2019"

293,https://store.steampowered.com/app/1145350,Hades II,3231,"['Action', 'Indie', 'RPG']",['Supergiant Games'],['Supergiant Games'],"25 Sep, 2025"

294,https://store.steampowered.com/app/4364910,Ruins of Dawn,3223,"['Adventure', 'Indie', 'RPG']",['刷宝爱好者'],['刷宝爱好者'],"14 Aug, 2026"

295,https://store.steampowered.com/app/2051620,Enlisted,3218,"['Action', 'Massively Multiplayer', 'Free To Play']",['Darkflow Software'],['Gaijin Network Ltd'],"16 Jul, 2024"

296,https://store.steampowered.com/app/3548580,Chill with You : Lo-Fi Story,3210,"['Adventure', 'Casual', 'Indie']",['Nestopi Inc.'],['Nestopi Inc.'],"16 Nov, 2025"

297,https://store.steampowered.com/app/70010,Dino D-Day - Dedicated Server,3179,ni :/,ni :/,ni :/,ni :/

298,https://store.steampowered.com/app/985810,GrandChase,3164,"['Action', 'Casual', 'Free To Play']",['KOG'],['KOG'],"27 Jul, 2021"

299,https://store.steampowered.com/app/1607250,MY HERO ULTRA RUMBLE,3164,"['Action', 'Casual', 'Free To Play']",['Byking Inc.'],['Bandai Namco Entertainment'],"28 Sep, 2023"

300,https://store.steampowered.com/app/1062090,Timberborn,3140,"['Indie', 'Simulation', 'Strategy']",['Mechanistry'],['Mechanistry'],"12 Mar, 2026"

301,https://store.steampowered.com/app/1250410,Microsoft Flight Simulator (2020),3138,['Simulation'],['Asobo Studio'],['Xbox Game Studios'],"25 Aug, 2026"

302,https://store.steampowered.com/app/3293260,Waterpark Simulator,3137,"['Casual', 'Indie', 'Simulation']",['CayPlay'],['CayPlay'],"31 Jul, 2026"

303,https://store.steampowered.com/app/835570,Conqueror&#39;s Blade,3108,"['Action', 'Massively Multiplayer', 'RPG', 'Strategy', 'Free To Play']",['Booming Tech'],"['Poros Interactive', 'Booming Tech']","5 Apr, 2020"

304,https://store.steampowered.com/app/3079210,Hell Let Loose: Vietnam,3093,"['Action', 'Massively Multiplayer', 'Simulation', 'Strategy']",['Expression Games'],['Team17'],"13 Aug, 2026"

305,https://store.steampowered.com/app/1366540,Dyson Sphere Program,3062,"['Indie', 'Simulation', 'Strategy', 'Early Access']",['Youthcat Studio'],['Gamirror Games'],"20 Jan, 2021"

306,https://store.steampowered.com/app/382030,Yargis - Space Melee - Dedicated Server,3037,ni :/,ni :/,ni :/,ni :/

307,https://store.steampowered.com/app/4700,Total War: MEDIEVAL II – Definitive Edition,3033,['Strategy'],"['CREATIVE ASSEMBLY', 'Feral Interactive (Mac)', 'Feral Interactive (Linux)']","['SEGA', 'Feral Interactive (Mac)', 'Feral Interactive (Linux)']","15 Nov, 2006"

308,https://store.steampowered.com/app/1465360,SnowRunner,2987,"['Adventure', 'Simulation']",['Saber Interactive'],['Focus Entertainment'],"17 May, 2021"

309,https://store.steampowered.com/app/1172710,Dune: Awakening,2971,ni :/,ni :/,ni :/,ni :/

310,https://store.steampowered.com/app/1659040,HITMAN World of Assassination,2963,ni :/,ni :/,ni :/,ni :/

311,https://store.steampowered.com/app/392160,X4: Foundations,2957,"['Action', 'Simulation', 'Strategy']",['Egosoft'],['Egosoft'],"30 Nov, 2018"

312,https://store.steampowered.com/app/1222140,Detroit: Become Human,2940,ni :/,ni :/,ni :/,ni :/

313,https://store.steampowered.com/app/400040,ShareX,2930,"['Free To Play', 'Audio Production', 'Design & Illustration', 'Photo Editing', 'Utilities', 'Video Production', 'Web Publishing']",['ShareX Team'],['ShareX Team'],"15 Oct, 2007"

314,https://store.steampowered.com/app/359320,Elite Dangerous,2926,"['Action', 'Adventure', 'Massively Multiplayer', 'RPG', 'Simulation', 'Strategy']",['Frontier Developments'],['Frontier Developments'],"2 Apr, 2015"

315,https://store.steampowered.com/app/1546320,Your Chronicle,2906,"['RPG', 'Free To Play']",['Samurai Games'],['Samurai Games'],"4 Apr, 2021"

316,https://store.steampowered.com/app/2923300,Banana,2904,"['Adventure', 'Casual', 'Indie', 'Simulation', 'Strategy', 'Free To Play']","['Sky', 'AestheticSpartan', 'Banana Game']",['Banana Game'],"23 Apr, 2024"

317,https://store.steampowered.com/app/1147690,NGU IDLE,2876,"['Adventure', 'Indie', 'Simulation', 'Free To Play']",['4G'],['4G'],"1 Oct, 2019"

318,https://store.steampowered.com/app/1716740,Starfield,2875,ni :/,ni :/,ni :/,ni :/

319,https://store.steampowered.com/app/2437170,SMITE 2,2871,"['Action', 'Adventure', 'Casual', 'Massively Multiplayer', 'RPG', 'Strategy', 'Free To Play', 'Early Access']",['Titan Forge Games'],['Hi-Rez Studios'],"27 Aug, 2024"

320,https://store.steampowered.com/app/1172620,Sea of Thieves: 2025 Edition,2858,"['Action', 'Adventure']",['Rare Ltd'],['Xbox Game Studios'],"3 Jun, 2020"

321,https://store.steampowered.com/app/1167630,Teardown,2827,"['Action', 'Indie', 'Simulation', 'Strategy']",['Tuxedo Labs'],['Tuxedo Labs'],"21 Apr, 2022"

322,https://store.steampowered.com/app/1304930,The Outlast Trials,2812,"['Action', 'Adventure', 'Indie']",['Red Barrels'],['Red Barrels'],"5 Mar, 2024"

323,https://store.steampowered.com/app/1621690,Core Keeper,2791,"['Action', 'Adventure', 'Indie', 'RPG', 'Simulation']",['Pugstorm'],"['Fireshine Games', 'bilibili']","27 Aug, 2024"

324,https://store.steampowered.com/app/2379740,Wizardry Variants Daphne,2786,['RPG'],['Drecom Co.'],['Drecom Co.'],"5 Mar, 2025"

325,https://store.steampowered.com/app/1677740,Stumble Guys,2780,"['Action', 'Casual', 'Indie', 'Massively Multiplayer', 'Racing', 'Free To Play']",['Scopely'],['Scopely'],"7 Oct, 2021"

326,https://store.steampowered.com/app/1145360,Hades,2776,"['Action', 'Indie', 'RPG']",['Supergiant Games'],['Supergiant Games'],"17 Sep, 2020"

327,https://store.steampowered.com/app/602960,Barotrauma,2750,"['Action', 'Indie', 'Simulation', 'Strategy']","['FakeFish', 'Undertow Games']",['Daedalic Entertainment'],"13 Mar, 2023"

328,https://store.steampowered.com/app/1482520,Space Station 14 Playtest,2739,"['Action', 'Indie', 'RPG', 'Simulation', 'Free To Play', 'Early Access']",['Space Wizards Federation'],['Space Wizards Federation'],Coming soon

329,https://store.steampowered.com/app/1293830,Forza Horizon 4,2732,['Racing'],['Playground Games'],['Xbox Game Studios'],"9 Mar, 2021"

330,https://store.steampowered.com/app/3812600,ReStory: Chill Electronics Repairs,2716,"['Indie', 'Simulation']",['Mandragora'],['tinyBuild'],"6 Aug, 2026"

331,https://store.steampowered.com/app/699130,World War Z,2714,['Action'],['Saber Interactive Inc'],['Saber Interactive Inc'],"21 Sep, 2021"

332,https://store.steampowered.com/app/1604030,V Rising,2703,"['Action', 'Adventure', 'Massively Multiplayer']",['Stunlock Studios'],['Stunlock Studios'],"8 May, 2024"

333,https://store.steampowered.com/app/1009850,OVR Advanced Settings,2698,['Utilities'],['OVRAS Team'],['OVRAS Team'],"11 Sep, 2016"

334,https://store.steampowered.com/app/3213850,gogh: Focus with Your Avatar,2696,"['Casual', 'Indie', 'Simulation', 'Free To Play']",['ambr'],['ambr'],"30 Apr, 2025"

335,https://store.steampowered.com/app/644930,They Are Billions,2687,['Strategy'],['Numantian Games'],['Numantian Games'],"18 Jun, 2019"

336,https://store.steampowered.com/app/2622000,Astral Party,2678,"['Casual', 'Indie', 'RPG', 'Strategy']",['STAR ENGINE PROJECT'],['Neverland Entertainment'],"28 Feb, 2024"

337,https://store.steampowered.com/app/412220,DDNet,2675,"['Action', 'Indie', 'Free To Play']",['DDNet Team'],['DDNet Team'],"17 Aug, 2020"

338,https://store.steampowered.com/app/3764200,Resident Evil Requiem,2670,ni :/,ni :/,ni :/,ni :/

339,https://store.steampowered.com/app/3934250,Village in the Shade,2667,"['Adventure', 'Simulation']",['Nippon Ichi Software'],['NIS America'],"29 Jul, 2026"

340,https://store.steampowered.com/app/784150,Workers &amp; Resources: Soviet Republic,2662,"['Simulation', 'Strategy']",['3Division'],['Hooded Horse'],"20 Jun, 2024"

341,https://store.steampowered.com/app/3861430,Bongo Waifu,2645,ni :/,ni :/,ni :/,ni :/

342,https://store.steampowered.com/app/2567870,Chained Together,2638,"['Adventure', 'Casual', 'Indie', 'Simulation']",['Anegar Games'],['Secret Mode'],"19 Jun, 2024"

343,https://store.steampowered.com/app/1594320,Captain of Industry,2623,"['Indie', 'Simulation', 'Strategy', 'Early Access']",['MaFi Games'],['MaFi Games'],"31 May, 2022"

344,https://store.steampowered.com/app/3041230,Windrose,2609,"['Action', 'Adventure', 'RPG', 'Early Access']",['Kraken Express'],"['Kraken Express', 'Pocketpair Publishing (Japan)']","14 Apr, 2026"

345,https://store.steampowered.com/app/220200,Kerbal Space Program,2607,"['Indie', 'Simulation']",['Squad'],['Private Division'],"27 Apr, 2015"

346,https://store.steampowered.com/app/242760,The Forest,2598,"['Action', 'Adventure', 'Indie', 'Simulation']",['Endnight Games Ltd'],['Endnight Games Ltd'],"30 Apr, 2018"

347,https://store.steampowered.com/app/977950,A Dance of Fire and Ice,2597,['Indie'],['7th Beat Games'],"['7th Beat Games', 'indienova']","24 Jan, 2019"

348,https://store.steampowered.com/app/1285190,Borderlands 4,2590,ni :/,ni :/,ni :/,ni :/

349,https://store.steampowered.com/app/2749950,Esports Manager 2026,2569,"['Indie', 'Simulation', 'Sports', 'Strategy']",['Neurona Games'],['indie.io'],"6 Jul, 2026"

350,https://store.steampowered.com/app/1286830,STAR WARS™: The Old Republic™,2559,"['Massively Multiplayer', 'RPG', 'Free To Play']",['Broadsword'],['Electronic Arts'],"20 Dec, 2011"

351,https://store.steampowered.com/app/2670630,Supermarket Simulator,2553,"['Casual', 'Indie', 'Simulation']",['Nokta Games'],['Nokta Games'],"19 Jun, 2025"

352,https://store.steampowered.com/app/63220,Monday Night Combat Dedicated Server,2553,ni :/,ni :/,ni :/,ni :/

353,https://store.steampowered.com/app/2918150,ONE PIECE Bounty Rush,2542,"['Action', 'Free To Play']",['SEGA'],['Bandai Namco Entertainment Inc.'],"23 Sep, 2024"

354,https://store.steampowered.com/app/3070070,TCG Card Shop Simulator,2524,"['Simulation', 'Early Access']",['OPNeon Games'],['OPNeon Games'],"15 Sep, 2024"

355,https://store.steampowered.com/app/588650,Dead Cells,2524,"['Action', 'Adventure', 'Indie']",['Motion Twin'],['Motion Twin'],"6 Aug, 2018"

356,https://store.steampowered.com/app/3308670,GIRLS&#39; FRONTLINE 2: EXILIUM,2519,ni :/,ni :/,ni :/,ni :/

357,https://store.steampowered.com/app/2399420,Le Mans Ultimate,2518,"['Racing', 'Simulation', 'Sports']",['Studio 397'],['Studio 397'],"22 Jul, 2025"

358,https://store.steampowered.com/app/311210,Call of Duty: Black Ops III,2509,ni :/,ni :/,ni :/,ni :/

359,https://store.steampowered.com/app/877280,SAO Utils 2: Progressive,2502,['Utilities'],['Joshua Chen'],['Studio GPBeta'],"5 Nov, 2022"

360,https://store.steampowered.com/app/1794680,Vampire Survivors,2488,"['Action', 'Casual', 'Indie', 'RPG']",['poncle'],['poncle'],"20 Oct, 2022"

361,https://store.steampowered.com/app/3489700,Stellar Blade™,2479,ni :/,ni :/,ni :/,ni :/

362,https://store.steampowered.com/app/632810,Soundpad Demo,2476,"['Audio Production', 'Utilities']",['Leppsoft'],['Leppsoft'],"9 Nov, 2016"

363,https://store.steampowered.com/app/3231090,Amarillo&#39;s Butt Slapper,2436,ni :/,ni :/,ni :/,ni :/

364,https://store.steampowered.com/app/12210,Grand Theft Auto IV: The Complete Edition,2433,"['Action', 'Adventure']","['Rockstar North', 'Rockstar Toronto']",['Rockstar Games'],"24 Mar, 2020"

365,https://store.steampowered.com/app/2285550,Doloc Town,2418,"['Adventure', 'Casual', 'Indie', 'RPG', 'Simulation']",['RedSaw Games Studio'],"['Logoi Games', 'Pathea Games']","5 Aug, 2026"

366,https://store.steampowered.com/app/391220,Rise of the Tomb Raider™,2402,ni :/,ni :/,ni :/,ni :/

367,https://store.steampowered.com/app/1787090,MyDockFinder,2400,['Utilities'],['MyDockFinder'],['MyDockFinder'],"25 Nov, 2021"

368,https://store.steampowered.com/app/3092660,Reverse: 1999,2394,"['RPG', 'Free To Play']",['BLUEPOCH GAMES CO.'],['BLUEPOCH GAMES CO.'],"8 Oct, 2024"

369,https://store.steampowered.com/app/1904540,Football Manager 2023,2383,"['Simulation', 'Sports']",['Sports Interactive'],['SEGA'],"8 Nov, 2022"

370,https://store.steampowered.com/app/1297900,Gothic 1 Remake,2363,"['Action', 'RPG']",['Alkimia Interactive'],"['Alkimia Interactive', 'THQ Nordic']","5 Jun, 2026"

371,https://store.steampowered.com/app/2208920,Assassin&#39;s Creed Valhalla,2358,ni :/,ni :/,ni :/,ni :/

372,https://store.steampowered.com/app/2185060,Two Point Museum,2354,"['Casual', 'Indie', 'Simulation', 'Strategy']",['Two Point Studios'],['SEGA'],"4 Mar, 2025"

373,https://store.steampowered.com/app/3405340,Megabonk,2354,"['Action', 'Casual', 'Indie']",['vedinad'],['vedinad'],"18 Sep, 2025"

374,https://store.steampowered.com/app/883710,Resident Evil 2,2336,ni :/,ni :/,ni :/,ni :/

375,https://store.steampowered.com/app/4128400,eBaseball™: PRO SPIRIT,2329,"['Action', 'Sports', 'Free To Play']",['KONAMI'],['KONAMI'],"4 Mar, 2026"

376,https://store.steampowered.com/app/447040,Watch_Dogs 2,2328,"['Action', 'Adventure']",['Ubisoft'],['Ubisoft'],"28 Nov, 2016"

377,https://store.steampowered.com/app/2215430,Ghost of Tsushima DIRECTOR&#39;S CUT,2328,ni :/,ni :/,ni :/,ni :/

378,https://store.steampowered.com/app/3117820,Sultan&#39;s Game,2314,"['Adventure', 'Indie', 'RPG', 'Simulation', 'Strategy']",['Double Cross'],['2P Games'],"30 Mar, 2025"

379,https://store.steampowered.com/app/568220,Lobotomy Corporation,2309,"['Indie', 'Simulation']",['ProjectMoon'],['ProjectMoon'],"9 Apr, 2018"

380,https://store.steampowered.com/app/1401590,Disney Dreamlight Valley,2291,"['Action', 'Adventure', 'Casual', 'RPG', 'Simulation']",['Gameloft'],['Gameloft'],"5 Dec, 2023"

381,https://store.steampowered.com/app/872410,ROMANCE OF THE THREE KINGDOMS XIV,2278,['Simulation'],['KOEI TECMO GAMES CO.'],['KOEI TECMO GAMES CO.'],"15 Jan, 2020"

382,https://store.steampowered.com/app/3413340,Wallpaper Play,2265,"['Indie', 'Free To Play', 'Utilities']",['Mark'],['Mark'],"11 Apr, 2025"

383,https://store.steampowered.com/app/2113850,Spirit City: Lofi Sessions,2264,"['Casual', 'Indie', 'Simulation']",['Mooncube Games'],['Mooncube Games'],"8 Apr, 2024"

384,https://store.steampowered.com/app/508440,Totally Accurate Battle Simulator,2259,"['Indie', 'Simulation', 'Strategy']",['Landfall'],['Landfall'],"1 Apr, 2021"

385,https://store.steampowered.com/app/22380,Fallout: New Vegas,2249,ni :/,ni :/,ni :/,ni :/

386,https://store.steampowered.com/app/2081880,Kathana,2231,"['Massively Multiplayer', 'RPG', 'Early Access']",['Gameolic Development Studio'],['Gameolic Development Studio'],"8 Aug, 2025"

387,https://store.steampowered.com/app/1222680,Need for Speed™ Heat,2226,"['Action', 'Adventure', 'Racing', 'Sports']",['Ghost Games'],['Electronic Arts'],"4 Jun, 2020"

388,https://store.steampowered.com/app/2909400,FINAL FANTASY VII REBIRTH,2225,ni :/,ni :/,ni :/,ni :/

389,https://store.steampowered.com/app/1190970,House Flipper 2,2224,"['Casual', 'Indie', 'Simulation']",['Frozen District'],['Frozen District'],"14 Dec, 2023"

390,https://store.steampowered.com/app/404790,Godot Engine,2223,['Game Development'],['Godot Engine'],['Godot Engine'],"23 Feb, 2016"

391,https://store.steampowered.com/app/552500,Warhammer: Vermintide 2,2220,"['Action', 'Indie', 'RPG']",['Fatshark'],['Fatshark'],"8 Mar, 2018"

392,https://store.steampowered.com/app/686810,Hell Let Loose,2219,"['Action', 'Indie', 'Massively Multiplayer', 'Simulation', 'Strategy']",['Expression Games'],['Team17'],"27 Jul, 2021"

393,https://store.steampowered.com/app/976730,Halo: The Master Chief Collection,2203,['Action'],"['343 Industries', 'Splash Damage', 'Ruffian Games', 'Bungie', 'Saber Interactive']",['Xbox Game Studios'],"3 Dec, 2019"

394,https://store.steampowered.com/app/231430,Company of Heroes 2,2197,ni :/,ni :/,ni :/,ni :/

395,https://store.steampowered.com/app/1962700,Subnautica 2,2185,"['Action', 'Adventure', 'Early Access']",['Unknown Worlds Entertainment'],['Unknown Worlds Entertainment'],"14 May, 2026"

396,https://store.steampowered.com/app/304390,FOR HONOR™,2184,['Action'],"['Ubisoft Montreal', 'Ubisoft Quebec', 'Ubisoft Toronto', 'Blue Byte']",['Ubisoft'],"13 Feb, 2017"

397,https://store.steampowered.com/app/1184370,Pathfinder: Wrath of the Righteous - Enhanced Edition,2181,"['Action', 'Adventure', 'Indie', 'RPG', 'Strategy']",['Owlcat Games'],"['META Publishing', 'Owlcat Games']","2 Sep, 2021"

398,https://store.steampowered.com/app/1284190,The Planet Crafter,2174,['Adventure'],['Miju Games'],['Miju Games'],"10 Apr, 2024"

399,https://store.steampowered.com/app/240,Counter-Strike: Source,2169,['Action'],['Valve'],['Valve'],"1 Nov, 2004"

400,https://store.steampowered.com/app/2855560,流亡黯道,2165,ni :/,ni :/,ni :/,ni :/

401,https://store.steampowered.com/app/244850,Space Engineers,2162,"['Action', 'Indie', 'Simulation', 'Strategy']",['Keen Software House'],['Keen Software House'],"28 Feb, 2019"

402,https://store.steampowered.com/app/916440,Anno 1800,2157,"['Simulation', 'Strategy']",['Ubisoft Mainz'],['Ubisoft'],"16 Apr, 2019"

403,https://store.steampowered.com/app/1229490,ULTRAKILL,2139,"['Action', 'Indie', 'Early Access']",['Arsi &quot;Hakita&quot; Patala'],['New Blood Interactive'],"3 Sep, 2020"

404,https://store.steampowered.com/app/1974050,Torchlight: Infinite,2136,"['Action', 'Adventure', 'RPG', 'Free To Play']",['XD'],['XD'],"9 May, 2023"

405,https://store.steampowered.com/app/221380,Age of Empires II (2013),2123,['Strategy'],"['Skybox Labs', 'Hidden Path Entertainment', 'Ensemble Studios', 'Forgotten Empires']",['Xbox Game Studios'],"9 Apr, 2013"

406,https://store.steampowered.com/app/305620,The Long Dark,2117,"['Adventure', 'Indie', 'Simulation', 'Strategy']",['Hinterland Studio Inc.'],['Hinterland Studio Inc.'],"1 Aug, 2017"

407,https://store.steampowered.com/app/2835570,Buckshot Roulette,2115,"['Action', 'Indie', 'Simulation']",['Mike Klubnika'],['CRITICAL REFLEX'],"4 Apr, 2024"

408,https://store.steampowered.com/app/2059170,Quasimorph,2105,"['Action', 'Adventure', 'Indie', 'RPG', 'Simulation', 'Strategy']",['Magnum Scriptum'],['HypeTrain Digital'],"31 Jul, 2026"

409,https://store.steampowered.com/app/1973710,ヘブンバーンズレッド,2098,"['Adventure', 'RPG', 'Free To Play']","['WRIGHT FLYER STUDIOS', 'VisualArts/Key']",['WRIGHT FLYER STUDIOS'],"10 Aug, 2022"

410,https://store.steampowered.com/app/325610,Total War: ATTILA,2097,['Strategy'],"['CREATIVE ASSEMBLY', 'Feral Interactive']","['SEGA', 'Feral Interactive']","17 Feb, 2015"

411,https://store.steampowered.com/app/34330,Total War: SHOGUN 2,2086,['Strategy'],"['CREATIVE ASSEMBLY', 'Feral Interactive (Mac)', 'Feral Interactive (Linux)']","['SEGA', 'Feral Interactive (Mac)', 'Feral Interactive (Linux)']","14 Mar, 2011"

412,https://store.steampowered.com/app/1256670,Library Of Ruina,2084,"['Indie', 'RPG', 'Strategy']",['ProjectMoon'],['ProjectMoon'],"10 Aug, 2021"

413,https://store.steampowered.com/app/268910,Cuphead,2081,"['Action', 'Indie']",['Studio MDHR Entertainment Inc.'],['Studio MDHR Entertainment Inc.'],"29 Sep, 2017"

414,https://store.steampowered.com/app/1189490,觅长生,2078,"['Indie', 'RPG', 'Strategy']",['Chalcedony Network'],['Chalcedony Network'],"26 Nov, 2019"

415,https://store.steampowered.com/app/264710,Subnautica,2053,"['Adventure', 'Indie']",['Unknown Worlds Entertainment'],['Unknown Worlds Entertainment'],"23 Jan, 2018"

416,https://store.steampowered.com/app/3024040,Stronghold Crusader: Definitive Edition,2042,"['Simulation', 'Strategy']",['Firefly Studios'],['Firefly Studios'],"15 Jul, 2025"

417,https://store.steampowered.com/app/838350,太吾绘卷 The Scroll Of Taiwu,2029,"['Adventure', 'Casual', 'Indie', 'RPG', 'Strategy']",['ConchShip Games'],['ConchShip Games'],"21 Sep, 2018"

418,https://store.steampowered.com/app/1190000,Car Mechanic Simulator 2021,2011,"['Racing', 'Simulation']",['Red Dot Games'],['PlayWay S.A.'],"11 Aug, 2021"

419,https://store.steampowered.com/app/3280350,DEATH STRANDING 2: ON THE BEACH,1993,ni :/,ni :/,ni :/,ni :/

420,https://store.steampowered.com/app/1282270,Strinova,1985,"['Action', 'Massively Multiplayer', 'Free To Play']",['iDreamSky'],['iDreamSky'],"21 Nov, 2024"

421,https://store.steampowered.com/app/1343400,RuneScape ®,1984,"['Massively Multiplayer', 'RPG', 'Free To Play']",['Jagex Ltd'],['Jagex Ltd'],"14 Oct, 2020"

422,https://store.steampowered.com/app/552520,Far Cry 5,1946,"['Action', 'Adventure']","['Ubisoft Montreal', 'Red Storm', 'Ubisoft Shanghai', 'Ubisoft Toronto', 'Ubisoft Kiev']",['Ubisoft'],"26 Mar, 2018"

423,https://store.steampowered.com/app/4315040,Hearth and Hamlet,1946,"['Casual', 'Simulation', 'Strategy']",['Phorust Studios'],"['Runic Forge', 'Gamersky Games']","19 Aug, 2026"

424,https://store.steampowered.com/app/365360,Battle Brothers,1939,"['RPG', 'Simulation', 'Strategy']",['Overhype Studios'],"['Hooded Horse', 'Overhype Studios']","24 Mar, 2017"

425,https://store.steampowered.com/app/2277560,WUCHANG: Fallen Feathers,1931,"['Action', 'Adventure', 'RPG']",['Leenzee'],['505 Games'],"23 Jul, 2025"

426,https://store.steampowered.com/app/505460,Foxhole,1899,"['Action', 'Indie', 'Massively Multiplayer', 'RPG', 'Strategy']",['Siege Camp'],['Siege Camp'],"28 Sep, 2022"

427,https://store.steampowered.com/app/4197610,Librarian: Tidy Up the Arcane Library!,1896,"['Casual', 'Indie', 'Simulation']",['ArtRising'],['ArtRising'],"30 Apr, 2026"

428,https://store.steampowered.com/app/1367080,MOBILE SUIT GUNDAM BATTLE OPERATION 2,1894,"['Action', 'Free To Play']",['Bandai Namco Forge Digitals Inc.'],['Bandai Namco Entertainment Inc.'],"30 May, 2023"

429,https://store.steampowered.com/app/2406770,Bodycam,1893,"['Action', 'Indie', 'Massively Multiplayer', 'Simulation', 'Strategy', 'Early Access']",['Reissad Studio'],['Reissad Studio'],"7 Jun, 2024"

430,https://store.steampowered.com/app/1477830,HudSight - crosshair overlay,1870,"['Action', 'Education', 'Software Training', 'Utilities', 'Video Production']",['Eduard Kozadaev'],['Eduard Kozadaev'],"5 Jan, 2021"

431,https://store.steampowered.com/app/1013320,Firestone – Idle Clicker Online RPG,1867,"['Casual', 'Indie', 'RPG', 'Free To Play']",['Holyday Studios'],['Holyday Studios'],"1 Apr, 2024"

432,https://store.steampowered.com/app/2229850,Command &amp; Conquer: Red Alert™ 2 and Yuri’s Revenge™,1865,"['Action', 'Strategy']","['Westwood Pacific', 'Westwood Studios']",['Electronic Arts'],"7 Mar, 2024"

433,https://store.steampowered.com/app/4292950,绍宋,1861,"['RPG', 'Simulation', 'Strategy']","['互动之星', '猫眼娱乐']","['猫眼娱乐', '互动之星']","19 Aug, 2026"

434,https://store.steampowered.com/app/1328670,Mass Effect™ Legendary Edition,1855,ni :/,ni :/,ni :/,ni :/

435,https://store.steampowered.com/app/1672970,Minecraft Dungeons,1849,"['Action', 'Adventure', 'RPG']","['Mojang Studios', '\u202aDouble Eleven']",['Xbox Game Studios'],"22 Sep, 2021"

436,https://store.steampowered.com/app/627690,Idle Champions of the Forgotten Realms,1845,"['Action', 'Adventure', 'Indie', 'Strategy', 'Free To Play']",['Codename Entertainment Inc.'],['Codename Entertainment Inc.'],"25 Mar, 2020"

437,https://store.steampowered.com/app/582160,Assassin&#39;s Creed Origins,1845,"['Action', 'Adventure', 'RPG']",['Ubisoft Montreal'],['Ubisoft'],"26 Oct, 2017"

438,https://store.steampowered.com/app/389430,Knight Online,1843,"['Action', 'Adventure', 'Free To Play', 'Massively Multiplayer', 'RPG']","['Noah System', 'Mgame']",['NTTGame'],"25 Jan, 2016"

439,https://store.steampowered.com/app/805550,Assetto Corsa Competizione,1838,"['Racing', 'Simulation', 'Sports']",['Kunos Simulazioni'],['505 Games'],"29 May, 2019"

440,https://store.steampowered.com/app/613100,House Flipper,1837,"['Action', 'Adventure', 'Casual', 'Indie', 'Massively Multiplayer', 'Simulation', 'Strategy']",['Empyrean'],"['Frozen District', 'PlayWay S.A.']","17 May, 2018"

441,https://store.steampowered.com/app/363970,Clicker Heroes,1834,"['Adventure', 'Casual', 'Indie', 'RPG', 'Simulation', 'Strategy', 'Free To Play']",['Playsaurus'],['Playsaurus'],"13 May, 2015"

442,https://store.steampowered.com/app/1374490,RuneScape: Dragonwilds,1812,"['Action', 'Adventure', 'RPG', 'Early Access']",['Jagex Ltd'],"['Jagex Ltd', 'H2 Interactive Co.', 'Graph']","15 Apr, 2025"

443,https://store.steampowered.com/app/2679460,Metaphor: ReFantazio,1810,"['Action', 'Adventure', 'RPG']",['ATLUS'],['SEGA'],"10 Oct, 2024"

444,https://store.steampowered.com/app/10500,Total War: EMPIRE – Definitive Edition,1809,['Strategy'],"['CREATIVE ASSEMBLY', 'Feral Interactive (Mac)', 'Feral Interactive (Linux)']","['SEGA', 'Feral Interactive (Mac)', 'Feral Interactive (Linux)']","4 Mar, 2009"

445,https://store.steampowered.com/app/323190,Frostpunk,1809,ni :/,ni :/,ni :/,ni :/

446,https://store.steampowered.com/app/4294490,"KOTAMON: My Sis Found A Super-Rare Card In Her Cereal Box, So I Became A Garbage Man To Find The Entire Collection And Earn $1,000,000",1808,"['Indie', 'Simulation']",[' KotaMota Games'],['Polnoch'],"20 Aug, 2026"

447,https://store.steampowered.com/app/3202030,龙胤立志传,1807,"['Indie', 'RPG', 'Simulation', 'Strategy']",['TPP Studio'],['噪点游戏 SERICA GAMES'],"12 Mar, 2026"

448,https://store.steampowered.com/app/2764370,星之翼,1806,"['Action', 'Adventure', 'Massively Multiplayer', 'RPG', 'Free To Play']",['Game Blender'],['盛天游戏'],"24 Apr, 2024"

449,https://store.steampowered.com/app/1119730,"Ranch Simulator: Build, Hunt, Farm",1801,['Simulation'],['Toxic Dog'],['Excalibur Games'],"3 Nov, 2023"

450,https://store.steampowered.com/app/570940,DARK SOULS™: REMASTERED,1797,['Action'],"['QLOC', 'FromSoftware']","['FromSoftware', 'Bandai Namco Entertainment']","23 May, 2018"

451,https://store.steampowered.com/app/2808930,Lust Goddess,1794,ni :/,ni :/,ni :/,ni :/

452,https://store.steampowered.com/app/2336220,Feed The Cups,1780,"['Casual', 'Indie', 'Simulation', 'Early Access']",['Vambear Games'],['IndieArk'],"20 Feb, 2024"

453,https://store.steampowered.com/app/1201240,BLEACH Brave Souls,1775,"['Action', 'Casual', 'RPG', 'Free To Play']",['KLab Inc.'],['KLab Inc.'],"17 Aug, 2020"

454,https://store.steampowered.com/app/599140,Graveyard Keeper,1761,"['Adventure', 'Indie', 'RPG', 'Simulation']",['Lazy Bear Games'],['tinyBuild'],"15 Aug, 2018"

455,https://store.steampowered.com/app/3636770,Servant of the Lake,1760,"['Adventure', 'Indie']",['Rusty Lake'],['Rusty Lake'],"13 Aug, 2026"

456,https://store.steampowered.com/app/2688950,Planet Coaster 2,1752,"['Simulation', 'Strategy']",['Frontier Developments'],['Frontier Developments'],"6 Nov, 2024"

457,https://store.steampowered.com/app/2897580,Idle Hero TD - Tower Defense,1740,"['Action', 'Casual', 'Indie', 'RPG', 'Strategy', 'Free To Play', 'Early Access']",['Swell Games LLC'],['Swell Games LLC'],"3 May, 2024"

458,https://store.steampowered.com/app/1336980,NOBUNAGA&#39;S AMBITION: Awakening,1729,['Simulation'],['KOEI TECMO GAMES CO.'],['KOEI TECMO GAMES CO.'],"20 Jul, 2022"

459,https://store.steampowered.com/app/962130,Grounded,1723,"['Action', 'Adventure']",['Obsidian Entertainment'],['Xbox Game Studios'],"27 Sep, 2022"

460,https://store.steampowered.com/app/2054970,Dragon&#39;s Dogma 2,1720,ni :/,ni :/,ni :/,ni :/

461,https://store.steampowered.com/app/2322010,God of War Ragnarök,1720,"['Action', 'Adventure', 'RPG']","['Santa Monica Studio', 'Jetpack Interactive']",['PlayStation Publishing LLC'],"19 Sep, 2024"

462,https://store.steampowered.com/app/694280,Zombie Army 4: Dead War,1719,['Action'],['Rebellion'],['Rebellion'],"18 Feb, 2021"

463,https://store.steampowered.com/app/4201710,Meow My Crop!,1716,"['Casual', 'Indie', 'Simulation', 'Free To Play']",['Nocturnal Games'],['Nocturnal Games'],"4 May, 2026"

464,https://store.steampowered.com/app/3052450,Morimens,1705,"['RPG', 'Strategy', 'Free To Play']",['B.I.A.V. Studio'],['B.I.A.V. Studio'],"1 Aug, 2024"

465,https://store.steampowered.com/app/881100,Noita,1702,"['Action', 'Adventure', 'Indie', 'RPG', 'Simulation']",['Nolla Games'],['Nolla Games'],"15 Oct, 2020"

466,https://store.steampowered.com/app/2737070,Crime Simulator,1692,"['Action', 'Indie', 'Simulation']",['CookieDev'],"['Ultimate Games S.A.', 'PlayWay S.A.']","17 Jun, 2025"

467,https://store.steampowered.com/app/1966720,Lethal Company,1688,"['Action', 'Adventure', 'Indie', 'Early Access']",['Zeekerss'],['Zeekerss'],"23 Oct, 2023"

468,https://store.steampowered.com/app/3159330,Assassin’s Creed Shadows,1684,"['Action', 'Adventure', 'RPG']","['Ubisoft Quebec', 'Ubisoft Belgrade', 'Ubisoft Bordeaux', 'Ubisoft Bucharest &amp; Craiova', 'Ubisoft Chengdu', 'Ubisoft Montpellier', 'Ubisoft Montreal', 'Ubisoft Osaka', 'Ubisoft Philippines', 'Ubisoft Shanghai', 'Ubisoft Singapore', 'Ubisoft Sofia', 'Ubisoft Ukraine']",['Ubisoft'],"19 Mar, 2025"

469,https://store.steampowered.com/app/1129580,Medieval Dynasty,1674,"['Action', 'Adventure', 'Indie', 'RPG', 'Simulation']",['Render Cube'],['Toplitz Productions'],"23 Sep, 2021"

470,https://store.steampowered.com/app/1336490,Against the Storm,1671,"['Simulation', 'Strategy']",['Eremite Games'],['Hooded Horse'],"8 Dec, 2023"

471,https://store.steampowered.com/app/477160,Human Fall Flat,1671,"['Adventure', 'Casual', 'Indie', 'Simulation']",['No Brakes Games'],['Curve Games'],"22 Jul, 2016"

472,https://store.steampowered.com/app/1206560,WorldBox - God Simulator,1667,"['Indie', 'Simulation', 'Early Access']",['Maxim Karpenko'],['Maxim Karpenko'],"2 Dec, 2021"

473,https://store.steampowered.com/app/655500,MX Bikes,1666,"['Racing', 'Simulation', 'Sports', 'Early Access']",['PiBoSo'],['PiBoSo'],"7 Oct, 2019"

474,https://store.steampowered.com/app/312520,Rain World,1654,"['Action', 'Adventure', 'Indie']",['Videocult'],['Akupara Games'],"28 Mar, 2017"

475,https://store.steampowered.com/app/601150,Devil May Cry 5,1651,ni :/,ni :/,ni :/,ni :/

476,https://store.steampowered.com/app/2427700,Backpack Battles,1649,['Strategy'],['PlayWithFurcifer'],"['IndieArk', 'Shochiku (Japan)']","13 Jun, 2025"

477,https://store.steampowered.com/app/391540,Undertale,1649,"['Indie', 'RPG']",['tobyfox'],['tobyfox'],"15 Sep, 2015"

478,https://store.steampowered.com/app/427410,Abiotic Factor,1647,"['Action', 'Adventure', 'RPG', 'Simulation']",['Deep Field Games'],['Playstack'],"22 Jul, 2025"

479,https://store.steampowered.com/app/397540,Borderlands 3,1645,ni :/,ni :/,ni :/,ni :/

480,https://store.steampowered.com/app/3274580,Anno 117: Pax Romana,1642,"['Simulation', 'Strategy']",['Ubisoft Mainz'],['Ubisoft'],"12 Nov, 2025"

481,https://store.steampowered.com/app/208650,Batman™: Arkham Knight,1639,ni :/,ni :/,ni :/,ni :/

482,https://store.steampowered.com/app/1371980,No Rest for the Wicked,1637,"['Action', 'Adventure', 'RPG', 'Early Access']",['Moon Studios GmbH'],['Moon Studios GmbH'],"18 Apr, 2024"

483,https://store.steampowered.com/app/2948190,World of Sea Battle,1637,"['Action', 'Massively Multiplayer', 'RPG', 'Free To Play', 'Early Access']",['Thera Interactive'],['Thera Interactive'],"21 Oct, 2025"

484,https://store.steampowered.com/app/1812450,Bellwright,1634,"['Action', 'RPG', 'Simulation', 'Strategy', 'Early Access']",['Donkey Crew'],"['Donkey Crew', 'Snail Games USA']","23 Apr, 2024"

485,https://store.steampowered.com/app/1462040,FINAL FANTASY VII REMAKE INTERGRADE,1631,"['Action', 'Adventure', 'RPG']",['Square Enix'],['Square Enix'],"17 Jun, 2022"

486,https://store.steampowered.com/app/3609080,StarSavior,1630,"['RPG', 'Simulation', 'Strategy', 'Free To Play']",['Studiobside'],['Studiobside'],"10 Dec, 2025"

487,https://store.steampowered.com/app/2479810,Gray Zone Warfare,1628,"['Action', 'Massively Multiplayer', 'Simulation', 'Early Access']",['MADFINGER Games'],['MADFINGER Games'],"30 Apr, 2024"

488,https://store.steampowered.com/app/1128810,RISK: Global Domination,1626,"['Casual', 'Strategy', 'Free To Play']",['SMG Studio'],['SMG Studio'],"19 Feb, 2020"

489,https://store.steampowered.com/app/601510,Yu-Gi-Oh! Duel Links,1624,"['Strategy', 'Free To Play']",['KONAMI'],['KONAMI'],"16 Nov, 2017"

490,https://store.steampowered.com/app/3478870,GeoGuessr Steam Edition,1616,"['Action', 'Casual', 'Free To Play', 'Early Access']",['GeoGuessr'],['GeoGuessr'],"8 May, 2025"

491,https://store.steampowered.com/app/203160,Tomb Raider Game of the Year,1616,ni :/,ni :/,ni :/,ni :/

492,https://store.steampowered.com/app/1934680,Age of Mythology: Retold,1611,['Strategy'],"[""World's Edge"", 'Forgotten Empires', 'Tantalus Media', 'CaptureAge', 'Virtuos Games']",['Xbox Game Studios'],"4 Sep, 2024"

493,https://store.steampowered.com/app/2531310,The Last of Us™ Part II Remastered,1594,ni :/,ni :/,ni :/,ni :/

494,https://store.steampowered.com/app/1044720,Farthest Frontier,1591,"['Indie', 'Simulation', 'Strategy']",['Crate Entertainment'],['Crate Entertainment'],"23 Oct, 2025"

495,https://store.steampowered.com/app/412020,Metro Exodus,1582,['Action'],['4A Games'],['Deep Silver'],"14 Feb, 2019"

496,https://store.steampowered.com/app/504230,Celeste,1574,"['Action', 'Adventure', 'Indie']","['Maddy Makes Games Inc.', 'Extremely OK Games']",['Maddy Makes Games Inc.'],"25 Jan, 2018"

497,https://store.steampowered.com/app/1627720,Lies of P,1572,ni :/,ni :/,ni :/,ni :/

498,https://store.steampowered.com/app/668580,Atomic Heart,1571,ni :/,ni :/,ni :/,ni :/

499,https://store.steampowered.com/app/701160,Kingdom Two Crowns,1566,"['Adventure', 'Indie', 'Simulation', 'Strategy']","['Fury Studios', 'Coatsink']",['Raw Fury'],"11 Dec, 2018"

500,https://store.steampowered.com/app/1948980,大侠立志传,1563,"['Adventure', 'Indie', 'RPG', 'Simulation']",['半瓶醋工作室（Half Amateur Studio）'],['XD'],"15 Nov, 2023"

501,https://store.steampowered.com/app/2950790,IRON NEST: Heavy Turret Simulator,1561,"['Action', 'Indie', 'Simulation']","['Nick Nieuwoudt', 'Dominik Latos']","['Nick Nieuwoudt', 'Dominik Latos']","6 Aug, 2026"

502,https://store.steampowered.com/app/3659410,"Your Big, Cute Monster Farm",1550,"['Casual', 'Indie', 'Simulation', 'Strategy']",['KaiPlay Studio'],[' Gamersky Games'],"10 Nov, 2025"

503,https://store.steampowered.com/app/219740,Don&#39;t Starve,1549,"['Adventure', 'Indie', 'Simulation']",['Klei Entertainment'],['Klei Entertainment'],"23 Apr, 2013"

504,https://store.steampowered.com/app/2904000,The Spell Brigade,1545,"['Action', 'Casual', 'Indie']",['Bolt Blaster Games'],['Bolt Blaster Games'],"29 Apr, 2026"

505,https://store.steampowered.com/app/1593500,God of War,1540,ni :/,ni :/,ni :/,ni :/

506,https://store.steampowered.com/app/2456740,inZOI,1537,"['Adventure', 'Casual', 'Simulation', 'Early Access']",['inZOI Studio'],['KRAFTON'],"27 Mar, 2025"

507,https://store.steampowered.com/app/2315040,火炬之光：无限,1533,ni :/,ni :/,ni :/,ni :/

508,https://store.steampowered.com/app/3561220,Pass the Fear,1526,"['Action', 'Adventure', 'Casual', 'Indie', 'RPG', 'Simulation', 'Strategy']",['PlayMud Studio'],['Paras Games'],"22 Jul, 2026"

509,https://store.steampowered.com/app/2273430,BlazBlue Entropy Effect,1514,"['Action', 'Adventure', 'Indie']",['91Act'],"['91Act', 'Astrolabe Games']","14 Feb, 2024"

510,https://store.steampowered.com/app/767560,War Robots,1512,"['Action', 'Free To Play']",['MY.GAMES'],['MY.GAMES'],"5 Apr, 2018"

511,https://store.steampowered.com/app/1196590,Resident Evil Village,1503,ni :/,ni :/,ni :/,ni :/

512,https://store.steampowered.com/app/1259420,Days Gone,1499,ni :/,ni :/,ni :/,ni :/

513,https://store.steampowered.com/app/3164330,Infinity Nikki,1499,"['Action', 'Adventure', 'Casual', 'RPG', 'Simulation', 'Free To Play']",['Infold Games'],['Infold Games'],"28 Apr, 2025"

514,https://store.steampowered.com/app/1030840,Mafia: Definitive Edition,1495,ni :/,ni :/,ni :/,ni :/

515,https://store.steampowered.com/app/2646460,Soulmask,1480,"['Adventure', 'Indie', 'RPG', 'Simulation']",['CampFire Studio'],['Qooland Games'],"9 Apr, 2026"

516,https://store.steampowered.com/app/2138720,REMATCH,1474,"['Action', 'Indie', 'Sports']",['Sloclap'],"['Sloclap', 'Kepler Interactive']","19 Jun, 2025"

517,https://store.steampowered.com/app/3008130,Dying Light: The Beast Restored Land,1473,"['Action', 'Adventure', 'RPG']",['Techland'],['Techland'],"18 Sep, 2025"

518,https://store.steampowered.com/app/625960,Stoneshard,1467,"['Adventure', 'Indie', 'RPG', 'Strategy', 'Early Access']",['Ink Stains Games'],['HypeTrain Digital'],"6 Feb, 2020"

519,https://store.steampowered.com/app/1418630,Dread Hunger,1459,"['Action', 'Adventure', 'Indie']",['Dread Hunger Team'],['Digital Confectioners'],"26 Jan, 2022"

520,https://store.steampowered.com/app/3065940,Gallipoli,1457,"['Action', 'Indie', 'Massively Multiplayer', 'Simulation', 'Strategy']",['BlackMill Games'],['BlackMill Games'],"20 Aug, 2026"

521,https://store.steampowered.com/app/2062430,BALL x PIT,1451,"['Action', 'Indie']",['Kenny Sun and Friends'],['Devolver Digital'],"15 Oct, 2025"

522,https://store.steampowered.com/app/2349820,Hero&#39;s Land,1448,"['Action', 'Adventure', 'Massively Multiplayer', 'RPG', 'Free To Play']",['钢之直男工作室'],['Orienjoy'],"17 May, 2023"

523,https://store.steampowered.com/app/588430,Fallout Shelter,1445,"['RPG', 'Simulation', 'Free To Play']",['Bethesda Game Studios'],['Bethesda Softworks'],"29 Mar, 2017"

524,https://store.steampowered.com/app/220,Half-Life 2,1441,['Action'],['Valve'],['Valve'],"16 Nov, 2004"

525,https://store.steampowered.com/app/516750,My Summer Car,1429,"['Indie', 'Racing', 'Simulation']",['Amistech Games'],['Amistech Games'],"8 Jan, 2025"

526,https://store.steampowered.com/app/1040200,Crime Scene Cleaner,1419,"['Action', 'Simulation']",['President Studio'],"['President Studio', 'PlayWay S.A.']","14 Aug, 2024"

527,https://store.steampowered.com/app/1449560,Metro Exodus Enhanced Edition,1406,['Action'],['4A Games'],['Deep Silver'],"14 Feb, 2019"

528,https://store.steampowered.com/app/2239710,Into the Dead: Our Darkest Days,1391,"['Action', 'Simulation', 'Strategy', 'Early Access']",['PikPok'],"['Boltray Games (China)', 'PikPok (worldwide)']","9 Apr, 2025"

529,https://store.steampowered.com/app/3959890,Tap Tap Loot,1388,"['Casual', 'Indie', 'Massively Multiplayer', 'RPG']",['Turtle Knight Games'],['Irox Games'],"13 Apr, 2026"

530,https://store.steampowered.com/app/1824220,Chivalry 2,1385,ni :/,ni :/,ni :/,ni :/

531,https://store.steampowered.com/app/1888930,The Last of Us™ Part I,1378,ni :/,ni :/,ni :/,ni :/

532,https://store.steampowered.com/app/1971650,OCTOPATH TRAVELER II,1377,['RPG'],"['Square Enix', 'ACQUIRE Corp.']",['Square Enix'],"24 Feb, 2023"

533,https://store.steampowered.com/app/49520,Borderlands 2,1373,ni :/,ni :/,ni :/,ni :/

534,https://store.steampowered.com/app/3354750,skate.,1372,"['Action', 'Sports', 'Free To Play', 'Early Access']",['Full Circle'],['Electronic Arts'],"16 Sep, 2025"

535,https://store.steampowered.com/app/2642680,Half Sword Demo,1372,"['Action', 'Adventure', 'Indie', 'Simulation', 'Early Access']",['Half Sword Games'],['Game Seer Publishing'],"30 Jan, 2026"

536,https://store.steampowered.com/app/3949040,RV There Yet?,1365,"['Action', 'Adventure', 'Indie']",['Nuggets Entertainment'],['Nuggets Entertainment'],"21 Oct, 2025"

537,https://store.steampowered.com/app/356190,Middle-earth™: Shadow of War™,1363,ni :/,ni :/,ni :/,ni :/

538,https://store.steampowered.com/app/4119420,Evitania Online,1358,"['Adventure', 'Casual', 'Indie', 'Massively Multiplayer', 'RPG', 'Simulation', 'Free To Play', 'Early Access']",['Disruptive Blast'],['Disruptive Blast'],"7 Apr, 2026"

539,https://store.steampowered.com/app/3768760,007 First Light,1356,ni :/,ni :/,ni :/,ni :/

540,https://store.steampowered.com/app/286690,Metro 2033 Redux,1355,['Action'],['4A Games'],['Deep Silver'],"27 Aug, 2014"

541,https://store.steampowered.com/app/552100,Brick Rigs,1355,['Simulation'],['Fluppisoft GmbH'],['Fluppisoft GmbH'],"14 Jul, 2023"

542,https://store.steampowered.com/app/2452280,Mecha BREAK,1354,"['Action', 'Massively Multiplayer', 'Free To Play']",['Amazing Seasun Games'],['Amazing Seasun Games'],"1 Jul, 2025"

543,https://store.steampowered.com/app/2551020,One-armed robber,1352,"['Action', 'Indie', 'Simulation', 'Strategy', 'Free To Play']",['Duhndal'],['Duhndal'],"15 Dec, 2023"

544,https://store.steampowered.com/app/280680,Krita,1349,"['Indie', 'Animation & Modeling', 'Design & Illustration', 'Photo Editing']","['Krita Team', 'Krita Community Contributors']",['Krita Team'],"10 Jun, 2014"

545,https://store.steampowered.com/app/1535560,Farmer Against Potatoes Idle,1345,"['Casual', 'Free To Play', 'Indie', 'RPG', 'Simulation']",['Oni Gaming'],['Oni Gaming'],"5 Sep, 2024"

546,https://store.steampowered.com/app/1113000,Persona 4 Golden,1339,['RPG'],['ATLUS'],['SEGA'],"13 Jun, 2020"

547,https://store.steampowered.com/app/934700,Dead Island 2,1339,ni :/,ni :/,ni :/,ni :/

548,https://store.steampowered.com/app/1817190,Marvel’s Spider-Man: Miles Morales,1338,"['Action', 'Adventure']","['Insomniac Games', 'Nixxes Software']",['PlayStation Publishing LLC'],"18 Nov, 2022"

549,https://store.steampowered.com/app/1282100,REMNANT II®,1336,ni :/,ni :/,ni :/,ni :/

550,https://store.steampowered.com/app/1180380,Stay Out,1335,"['Action', 'Indie', 'Massively Multiplayer', 'RPG', 'Free To Play', 'Early Access']",['MOBITECH LLC'],['MOBITECH LLC'],"27 Nov, 2019"

551,https://store.steampowered.com/app/648100,Raging Loop,1333,"['Adventure', 'Indie']",['KEMCO'],['KEMCO'],"23 Aug, 2017"

552,https://store.steampowered.com/app/620,Portal 2,1321,"['Action', 'Adventure']",['Valve'],['Valve'],"18 Apr, 2011"

553,https://store.steampowered.com/app/593600,PixARK,1318,"['Action', 'Adventure', 'Casual', 'Massively Multiplayer', 'RPG', 'Strategy']",['Snail Games USA'],['Snail Games USA'],"31 May, 2019"

554,https://store.steampowered.com/app/438040,Shakes and Fidget,1316,"['Adventure', 'Casual', 'Indie', 'Massively Multiplayer', 'RPG', 'Strategy', 'Free To Play']",['Playa Games GmbH'],['Playa Games GmbH'],"24 Feb, 2016"

555,https://store.steampowered.com/app/842980,Dungeon Crusher: Soul Hunters,1313,"['Adventure', 'Indie', 'Massively Multiplayer', 'RPG', 'Free To Play']",['Towards Mars Limited'],['Towards Mars Limited'],"30 Oct, 2024"

556,https://store.steampowered.com/app/2333480,RAID: Shadow Legends,1305,"['Massively Multiplayer', 'RPG', 'Strategy', 'Free To Play']",['Plarium Global Ltd'],['Plarium Global Ltd'],"9 Jan, 2024"

557,https://store.steampowered.com/app/2384580,DYNASTY WARRIORS: ORIGINS,1301,"['Action', 'RPG', 'Strategy']",['KOEI TECMO GAMES CO.'],['KOEI TECMO GAMES CO.'],"16 Jan, 2025"

558,https://store.steampowered.com/app/2135150,Elin,1298,"['Indie', 'RPG', 'Simulation', 'Strategy', 'Early Access']",['Lafrontier'],['Lafrontier'],"1 Nov, 2024"

559,https://store.steampowered.com/app/233450,Prison Architect,1295,ni :/,ni :/,ni :/,ni :/

560,https://store.steampowered.com/app/787860,Farming Simulator 19,1294,['Simulation'],['GIANTS Software'],['GIANTS Software'],"19 Nov, 2018"

561,https://store.steampowered.com/app/4056970,Live Wallpaper,1294,"['Casual', 'Free To Play', 'Animation & Modeling', 'Design & Illustration', 'Utilities']",['Fionnshare'],['Fionnshare'],"9 Nov, 2025"

562,https://store.steampowered.com/app/1158160,Coral Island,1290,"['Adventure', 'Casual', 'Indie', 'RPG', 'Simulation', 'Strategy']",['Stairway Games'],['Balor Games'],"14 Nov, 2023"

563,https://store.steampowered.com/app/297000,Heroes of Might &amp; Magic III - HD Edition,1288,"['RPG', 'Strategy']",['Dotemu'],['Ubisoft Entertainment'],"29 Jan, 2015"

564,https://store.steampowered.com/app/1286220,Sea Power : Naval Combat in the Missile Age,1281,"['Action', 'Simulation', 'Strategy', 'Early Access']",['Triassic Games'],['MicroProse Software'],"12 Nov, 2024"

565,https://store.steampowered.com/app/298110,Far Cry® 4,1276,"['Action', 'Adventure']",['Ubisoft Montreal'],['Ubisoft'],"18 Nov, 2014"

566,https://store.steampowered.com/app/1669000,Age of Wonders 4,1276,ni :/,ni :/,ni :/,ni :/

567,https://store.steampowered.com/app/1527950,Wartales,1275,"['Adventure', 'Indie', 'RPG', 'Strategy']",['Shiro Games'],['Shiro Games'],"12 Apr, 2023"

568,https://store.steampowered.com/app/8800,Sid Meier&#39;s Civilization IV: Beyond the Sword,1272,['Strategy'],['Firaxis Games'],['2K'],"24 Jul, 2007"

569,https://store.steampowered.com/app/360430,Mafia III: Definitive Edition,1272,ni :/,ni :/,ni :/,ni :/

570,https://store.steampowered.com/app/1180320,三国杀,1271,"['Strategy', 'Free To Play']",['杭州游卡网络技术有限公司'],['杭州游卡网络技术有限公司'],"17 Dec, 2021"

571,https://store.steampowered.com/app/3934270,How Many Dudes?,1269,"['Casual', 'Indie', 'Strategy']",['Butterscotch Shenanigans'],['Butterscotch Shenanigans'],"30 Jul, 2026"

572,https://store.steampowered.com/app/2732960,Command &amp; Conquer™ Generals Zero Hour,1268,"['Action', 'Adventure', 'RPG', 'Strategy']",['EA Pacific'],['Electronic Arts'],"7 Mar, 2024"

573,https://store.steampowered.com/app/632470,Disco Elysium - The Final Cut,1262,['RPG'],['ZA/UM'],['ZA/UM'],"15 Oct, 2019"

574,https://store.steampowered.com/app/1569040,Football Manager 2022,1258,"['Simulation', 'Sports']",['Sports Interactive'],['SEGA'],"9 Nov, 2021"

575,https://store.steampowered.com/app/585420,Trailmakers,1256,"['Action', 'Adventure', 'Indie', 'Racing', 'Simulation']",['Flashbulb'],['Flashbulb'],"18 Sep, 2019"

576,https://store.steampowered.com/app/1815780,Asphalt Legends,1253,"['Action', 'Adventure', 'Racing', 'Sports', 'Free To Play']",['Gameloft'],['Gameloft'],"2 Aug, 2022"

577,https://store.steampowered.com/app/1237970,Titanfall® 2,1251,['Action'],['Respawn Entertainment'],['Electronic Arts'],"28 Oct, 2016"

578,https://store.steampowered.com/app/1029780,Going Medieval,1251,"['Indie', 'RPG', 'Simulation', 'Strategy']",['Foxy Voxel'],['Mythwright'],"17 Mar, 2026"

579,https://store.steampowered.com/app/1940340,Darkest Dungeon® II,1249,"['Indie', 'RPG', 'Strategy']",['Red Hook Studios'],['Red Hook Studios'],"8 May, 2023"

580,https://store.steampowered.com/app/880940,Pummel Party,1246,"['Action', 'Casual', 'Indie']",['Rebuilt Games'],['Rebuilt Games'],"20 Sep, 2018"

581,https://store.steampowered.com/app/1766060,HumanitZ,1242,"['Action', 'Adventure', 'RPG']",['Yodubzz Studios'],['indie.io'],"6 Feb, 2026"

582,https://store.steampowered.com/app/335300,DARK SOULS™ II: Scholar of the First Sin,1239,ni :/,ni :/,ni :/,ni :/

583,https://store.steampowered.com/app/2432860,MENACE,1236,"['RPG', 'Simulation', 'Strategy', 'Early Access']",['Overhype Studios'],['Hooded Horse'],"5 Feb, 2026"

584,https://store.steampowered.com/app/3948120,Scritchy Scratchy,1230,"['Casual', 'Indie', 'Simulation']",['Lunch Money Games'],['Funday Games'],"18 Mar, 2026"

585,https://store.steampowered.com/app/976310,Mortal Kombat 11,1224,ni :/,ni :/,ni :/,ni :/

586,https://store.steampowered.com/app/2420110,Horizon Forbidden West™ Complete Edition,1223,ni :/,ni :/,ni :/,ni :/

587,https://store.steampowered.com/app/1169040,Necesse,1223,"['Action', 'Adventure', 'Indie', 'RPG']",['Fair Games ApS'],['Fair Games ApS'],"16 Oct, 2025"

588,https://store.steampowered.com/app/2958130,Jurassic World Evolution 3,1222,"['Simulation', 'Strategy']",['Frontier Developments'],['Frontier Developments'],"21 Oct, 2025"

589,https://store.steampowered.com/app/1501750,Lords of the Fallen,1216,"['Action', 'Adventure', 'RPG']",['CI Games'],['CI Games'],"13 Oct, 2023"

590,https://store.steampowered.com/app/786520,SAO Utils: Beta,1215,"['Utilities', 'Early Access']",['Joshua Chen'],['Studio GPBeta'],"14 Mar, 2018"

591,https://store.steampowered.com/app/2195250,EA SPORTS FC™ 24,1215,"['Simulation', 'Sports']","['EA Canada', 'EA Romania']",['Electronic Arts'],"28 Sep, 2023"

592,https://store.steampowered.com/app/287700,METAL GEAR SOLID V: THE PHANTOM PAIN,1211,ni :/,ni :/,ni :/,ni :/

593,https://store.steampowered.com/app/2079120,Warudo,1211,"['Animation & Modeling', 'Utilities', 'Video Production', 'Early Access']",['Hakuya Labs'],['Hakuya Labs'],"14 Jul, 2023"

594,https://store.steampowered.com/app/1850570,DEATH STRANDING DIRECTOR&#39;S CUT,1210,"['Action', 'Adventure']",['KOJIMA PRODUCTIONS'],[' 505 Games'],"30 Mar, 2022"

595,https://store.steampowered.com/app/1068820,OVR Toolkit - Desktop Overlay,1203,['Utilities'],['Curtis English'],['VoxelLoop Software Limited'],"28 Jun, 2019"

596,https://store.steampowered.com/app/1353300,Idle Slayer,1197,"['Casual', 'Indie', 'Strategy', 'Free To Play']",['Pablo Leban'],['Pablo Leban'],"21 Dec, 2020"

597,https://store.steampowered.com/app/1029690,Sniper Elite 5,1197,"['Action', 'Adventure']",['Rebellion'],['Rebellion'],"25 May, 2022"

598,https://store.steampowered.com/app/386180,Crossout,1195,"['Action', 'Adventure', 'Massively Multiplayer', 'Racing', 'Free To Play']",['Targem Games'],['Gaijin Network Ltd'],"26 Jul, 2017"

599,https://store.steampowered.com/app/704850,Thief Simulator,1193,"['Action', 'Adventure', 'Indie', 'Simulation']",['Noble Muffins'],['PlayWay S.A.'],"9 Nov, 2018"

600,https://store.steampowered.com/app/3576070,Sudden Attack Zero Point,1189,"['Action', 'Free To Play', 'Early Access']",['NEXON Games Co.'],['NEXON'],"29 Jul, 2026"

601,https://store.steampowered.com/app/2680010,The First Berserker: Khazan,1181,ni :/,ni :/,ni :/,ni :/

602,https://store.steampowered.com/app/1384160,GUILTY GEAR -STRIVE-,1180,['Action'],['Arc System Works'],['Arc System Works'],"11 Jun, 2021"

603,https://store.steampowered.com/app/663090,Granado Espada,1179,"['Massively Multiplayer', 'RPG', 'Free To Play']",['IMCGAMES Co.'],['IMCGAMES Co.'],"15 Oct, 2017"

604,https://store.steampowered.com/app/2225070,Trackmania,1178,['Racing'],['Nadeo'],['Ubisoft'],"2 Feb, 2023"

605,https://store.steampowered.com/app/1783560,The Last Caretaker,1176,"['Action', 'Adventure', 'Indie', 'Simulation', 'Early Access']",['Channel37 Ltd'],['Channel37 Ltd'],"6 Nov, 2025"

606,https://store.steampowered.com/app/573090,Stormworks: Build and Rescue,1174,['Simulation'],['Geometa'],['Geometa'],"17 Sep, 2020"

607,https://store.steampowered.com/app/495420,State of Decay 2,1170,"['Action', 'RPG', 'Simulation']",['Undead Labs'],['Xbox Game Studios'],"13 Mar, 2020"

608,https://store.steampowered.com/app/3017860,DOOM: The Dark Ages,1155,ni :/,ni :/,ni :/,ni :/

609,https://store.steampowered.com/app/1898830,VBridger,1153,"['Casual', 'Animation & Modeling', 'Utilities']","['PiPuProductions', 'Serp']",['PiPuProductions'],"10 Apr, 2022"

610,https://store.steampowered.com/app/1173510,XSOverlay,1148,"['Utilities', 'Early Access']",['Xiexe'],['Xiexe'],"3 Mar, 2020"

611,https://store.steampowered.com/app/1096900,RPG Maker MZ,1141,"['RPG', 'Design & Illustration', 'Education', 'Web Publishing', 'Game Development']","['Gotcha Gotcha Games', 'KADOKAWA', 'Yoji Ojima']",['Gotcha Gotcha Games'],"27 Aug, 2020"

612,https://store.steampowered.com/app/780310,The Riftbreaker,1141,"['Action', 'Adventure', 'Indie', 'RPG', 'Simulation', 'Strategy']",['EXOR Studios'],"['EXOR Studios', 'Surefire.Games']","14 Oct, 2021"

613,https://store.steampowered.com/app/2418520,Farm Together 2,1135,"['Casual', 'Indie', 'Simulation']",['Milkstone Studios'],['Milkstone Studios'],"30 May, 2025"

614,https://store.steampowered.com/app/2397300,Half Sword,1135,"['Action', 'Adventure', 'Indie', 'Simulation', 'Early Access']",['Half Sword Games'],['Game Seer Publishing'],"30 Jan, 2026"

615,https://store.steampowered.com/app/312060,FINAL FANTASY XIV Online Free Trial,1131,ni :/,ni :/,ni :/,ni :/

616,https://store.steampowered.com/app/753640,Outer Wilds,1131,"['Action', 'Adventure']",['Mobius Digital'],['Annapurna Interactive'],"18 Jun, 2020"

617,https://store.steampowered.com/app/1127400,Mindustry,1127,['Strategy'],['AnukenDev'],['AnukenDev'],"26 Sep, 2019"

618,https://store.steampowered.com/app/4368350,Silly Linguine Cat Simulator Deluxe Online,1119,"['Adventure', 'Casual', 'Indie', 'RPG', 'Simulation', 'Free To Play']",['Brody Seyranian'],['Brody Seyranian'],"27 Mar, 2026"

619,https://store.steampowered.com/app/1154030,Titan Quest II,1118,"['Action', 'RPG', 'Early Access']",['Grimlore Games'],['THQ Nordic'],"1 Aug, 2025"

620,https://store.steampowered.com/app/203770,Crusader Kings II,1116,"['RPG', 'Simulation', 'Strategy', 'Free To Play']",['Paradox Development Studio'],['Paradox Interactive'],"14 Feb, 2012"

621,https://store.steampowered.com/app/3787240,MARVEL Tōkon: Fighting Souls,1112,"['Action', 'Casual']",['ARC SYSTEM WORKS CO.'],['PlayStation Publishing LLC'],"6 Aug, 2026"

622,https://store.steampowered.com/app/2966320,Starsand Island,1106,"['Casual', 'Indie', 'RPG', 'Simulation']",['Seed Sparkle Lab'],['Seed Sparkle Lab'],"18 Aug, 2026"

623,https://store.steampowered.com/app/2072450,Like a Dragon: Infinite Wealth,1102,ni :/,ni :/,ni :/,ni :/

624,https://store.steampowered.com/app/1517290,Battlefield™ 2042,1101,"['Action', 'Adventure', 'Casual']",['DICE'],['Electronic Arts'],"19 Nov, 2021"

625,https://store.steampowered.com/app/4216670,Typing Farmer,1100,"['Casual', 'Indie', 'Simulation']",['MilkwayStudio'],"['MilkwayStudio', ' Irox Games', ' XD']","19 Apr, 2026"

626,https://store.steampowered.com/app/3556750,"Warhammer 40,000: Dawn of War - Definitive Edition",1100,['Strategy'],['Relic Entertainment'],['Relic Entertainment '],"14 Aug, 2025"

627,https://store.steampowered.com/app/3606890,Upload Labs,1096,"['Simulation', 'Free To Play']",['EnigmaDev Studios'],['EnigmaDev Studios'],"3 Oct, 2025"

628,https://store.steampowered.com/app/3656800,Train Sim World® 6,1095,['Simulation'],['Dovetail Games'],['Dovetail Games - TSW'],"30 Sep, 2025"

629,https://store.steampowered.com/app/2968420,PowerWash Simulator 2,1094,"['Casual', 'Indie', 'Simulation']",['FuturLab'],['FuturLab'],"23 Oct, 2025"

630,https://store.steampowered.com/app/3910,Sid Meier&#39;s Civilization III: Complete,1094,['Strategy'],['Firaxis Games'],['2K'],"30 Oct, 2001"

631,https://store.steampowered.com/app/870780,Control Ultimate Edition,1093,ni :/,ni :/,ni :/,ni :/

632,https://store.steampowered.com/app/3065800,Marathon,1093,['Action'],['Bungie'],['Bungie'],"5 Mar, 2026"

633,https://store.steampowered.com/app/2369390,Far Cry 6,1092,ni :/,ni :/,ni :/,ni :/

634,https://store.steampowered.com/app/4073960,ブループロトコル：スターレゾナンス,1090,ni :/,ni :/,ni :/,ni :/

635,https://store.steampowered.com/app/1176470,Terra Invicta,1088,"['Simulation', 'Strategy']",['Pavonis Interactive'],['Hooded Horse'],"5 Jan, 2026"

636,https://store.steampowered.com/app/1324780,Easy Red 2,1085,"['Action', 'Indie', 'Simulation', 'Strategy']",['Marco Amadei'],['Corvostudio di Amadei Marco'],"10 Nov, 2020"

637,https://store.steampowered.com/app/750920,Shadow of the Tomb Raider: Definitive Edition,1084,ni :/,ni :/,ni :/,ni :/

638,https://store.steampowered.com/app/3347970,少女前线,1084,ni :/,ni :/,ni :/,ni :/

639,https://store.steampowered.com/app/3399960,Fish to Dish: Idle Sushi,1080,"['Casual', 'Indie', 'RPG']",['Kygua Tech'],['IndieArk'],"16 Jun, 2025"

640,https://store.steampowered.com/app/2000950,Call of Duty®: Modern Warfare®,1078,ni :/,ni :/,ni :/,ni :/

641,https://store.steampowered.com/app/466560,Northgard: Definitive Edition,1077,"['Adventure', 'Indie', 'Simulation', 'Strategy']",['Shiro Games'],['Shiro Games'],"7 Mar, 2018"

642,https://store.steampowered.com/app/72850,The Elder Scrolls V: Skyrim,1076,ni :/,ni :/,ni :/,ni :/

643,https://store.steampowered.com/app/1325200,Nioh 2 – The Complete Edition,1072,ni :/,ni :/,ni :/,ni :/

644,https://store.steampowered.com/app/1875830,Shin Megami Tensei V: Vengeance,1072,ni :/,ni :/,ni :/,ni :/

645,https://store.steampowered.com/app/466170,Idling to Rule the Gods,1070,"['Casual', 'Indie', 'Simulation', 'Strategy', 'Free To Play']",['Shugasu GmbH'],['Shugasu GmbH'],"27 May, 2016"

646,https://store.steampowered.com/app/1419170,My Singing Monsters,1059,"['Casual', 'Simulation', 'Free To Play']",['Big Blue Bubble'],['Big Blue Bubble'],"24 Mar, 2021"

647,https://store.steampowered.com/app/3400960,Oaken Tower,1056,"['Strategy', 'Early Access']",['Bocary Studios'],['Alibi Games'],"28 Apr, 2026"

648,https://store.steampowered.com/app/4214820,Game of Thrones Kingsroad,1055,ni :/,ni :/,ni :/,ni :/

649,https://store.steampowered.com/app/2321470,Deep Rock Galactic: Survivor,1053,['Action'],['Funday Games'],['Ghost Ship Publishing'],"17 Sep, 2025"

650,https://store.steampowered.com/app/1859910,活俠傳,1052,"['Adventure', 'Indie', 'RPG', 'Strategy']",['Obb Studio Inc.'],"['Paras Games', 'Obb Studio Inc.']","14 Jun, 2024"

651,https://store.steampowered.com/app/1030830,Mafia II: Definitive Edition,1052,"['Action', 'Adventure']","['Hangar 13', 'D3T']",['2K'],"19 May, 2020"

652,https://store.steampowered.com/app/1118520,Paralives,1047,"['Simulation', 'Early Access']",['Alex Massé and team'],['Paralives Studio'],"25 May, 2026"

653,https://store.steampowered.com/app/2987800,Madoka Magica Magia Exedra,1047,ni :/,ni :/,ni :/,ni :/

654,https://store.steampowered.com/app/3683770,奶茶店模拟器 - 重生之我在冰堡甜城当店长,1041,"['Casual', 'RPG', 'Simulation']",['Caikemi'],"['Caikemi', 'Erabit']","24 Jul, 2026"

655,https://store.steampowered.com/app/2444750,Shape of Dreams,1040,"['Action', 'Adventure', 'Indie', 'RPG']",['Lizard Smoothie'],['NEOWIZ'],"10 Sep, 2025"

656,https://store.steampowered.com/app/885970,Total War: ROME REMASTERED,1035,['Strategy'],"['Creative Assembly', 'Feral Interactive']",['SEGA'],"29 Apr, 2021"

657,https://store.steampowered.com/app/34030,Total War: NAPOLEON – Definitive Edition,1034,['Strategy'],"['CREATIVE ASSEMBLY', 'Feral Interactive (Mac)']","['SEGA', 'Feral Interactive (Mac)']","25 Feb, 2010"

658,https://store.steampowered.com/app/3174070,Texas Hold&#39;em Poker: Pokerist,1025,"['Casual', 'Massively Multiplayer', 'Simulation', 'Sports', 'Strategy', 'Free To Play']",['KamaGames Entertainment Group Limited'],['KamaGames Ltd.'],"18 Feb, 2025"

659,https://store.steampowered.com/app/541570,Sally Face - Episode One,1016,"['Adventure', 'Indie']",['Portable Moose'],['Portable Moose'],"14 Dec, 2016"

660,https://store.steampowered.com/app/418370,Resident Evil 7 Biohazard,1015,ni :/,ni :/,ni :/,ni :/

661,https://store.steampowered.com/app/1139980,Travellers Rest,1014,"['Adventure', 'Casual', 'Indie', 'RPG', 'Simulation', 'Early Access']",['Isolated Games'],"['Isolated Games', 'IndieArk']","28 Jul, 2020"

662,https://store.steampowered.com/app/669330,Mechabellum,1011,"['Action', 'Indie', 'Massively Multiplayer', 'Simulation', 'Strategy']",['Game River'],['Dreamhaven'],"26 Sep, 2024"

663,https://store.steampowered.com/app/3217240,Soccer Manager 2026,1009,"['Simulation', 'Sports', 'Free To Play']",['Invincibles Studio Ltd'],['Invincibles Studio Ltd'],"23 Oct, 2024"

664,https://store.steampowered.com/app/1399720,Antimatter Dimensions,1003,"['Casual', 'Free To Play', 'Indie', 'Strategy']","['Hevipelle', 'Omsi', 'Razenpok', 'Spectralflame', 'WaitingIdly']","['Hevipelle', 'Makopaz']","17 Dec, 2022"

665,https://store.steampowered.com/app/32470,STAR WARS™ Empire at War: Gold Pack,1000,['Strategy'],['Petroglyph'],"['LucasArts', 'Lucasfilm', 'Disney']","16 Feb, 2006"

666,https://store.steampowered.com/app/4026250,Project P.I.T.T.,996,"['Action', 'Casual', 'Indie', 'Simulation']",['Froke'],['Pretty Soon'],"19 Aug, 2026"

667,https://store.steampowered.com/app/606150,Moonlighter,996,"['Action', 'Adventure', 'Indie']",['Digital Sun'],['11 bit studios'],"29 May, 2018"

668,https://store.steampowered.com/app/1243830,Overcooked! All You Can Eat,995,"['Casual', 'Indie', 'Simulation', 'Strategy']","['Team17 Digital', 'Ghost Town Games']",['Team17 Digital'],"23 Mar, 2021"

669,https://store.steampowered.com/app/2281730,Combat Master,993,"['Action', 'Free To Play']",['Alfa Bravo Inc'],['Alfa Bravo Inc'],"21 Apr, 2023"

670,https://store.steampowered.com/app/787480,Phoenix Wright: Ace Attorney Trilogy,993,['Adventure'],['CAPCOM Co.'],['CAPCOM Co.'],"9 Apr, 2019"

671,https://store.steampowered.com/app/1343370,Old School RuneScape,981,"['Adventure', 'Massively Multiplayer', 'RPG', 'Free To Play']",['Jagex Ltd'],['Jagex Ltd'],"22 Feb, 2013"

672,https://store.steampowered.com/app/228200,Company of Heroes,977,"['Action', 'Strategy']",['Relic Entertainment'],['Relic Entertainment'],"11 Sep, 2006"

673,https://store.steampowered.com/app/2019300,Dokimon: Quest,976,"['Adventure', 'Casual', 'RPG', 'Strategy']",['Yanako RPGs'],['Yanako RPGs'],"22 Nov, 2024"

674,https://store.steampowered.com/app/3750430,天外 : 英雄 Online,974,"['Massively Multiplayer', 'RPG', 'Free To Play']",['雷爵網絡科技股份有限公司'],['雷爵網絡科技股份有限公司'],"19 Nov, 2025"

675,https://store.steampowered.com/app/2524890,Pixel Gun 3D: PC Edition,973,"['Action', 'Adventure', 'Massively Multiplayer', 'Free To Play']",['Cubic Games Studio'],['Cubic Games Studio'],"2 Apr, 2024"

676,https://store.steampowered.com/app/1782120,ZERO Sievert,972,"['Action', 'Adventure', 'Indie']",['CABO Studio'],['Modern Wolf'],"23 Oct, 2024"

677,https://store.steampowered.com/app/1888160,ARMORED CORE™ VI FIRES OF RUBICON™,972,ni :/,ni :/,ni :/,ni :/

678,https://store.steampowered.com/app/744900,Dead Frontier 2,969,"['Action', 'Indie', 'Massively Multiplayer', 'RPG', 'Free To Play']",['Creaky Corpse Ltd'],['Creaky Corpse Ltd'],"15 Jul, 2019"

679,https://store.steampowered.com/app/4087980,Fickle Card Legend,968,"['Adventure', 'Casual', 'Indie', 'RPG']",['偶尔不帅'],['偶尔不帅'],"7 Jan, 2026"

680,https://store.steampowered.com/app/594570,Total War: WARHAMMER II,962,"['Action', 'Strategy']","['CREATIVE ASSEMBLY', 'Feral Interactive (Mac)', 'Feral Interactive (Linux)']","['SEGA', 'Feral Interactive (Mac)', 'Feral Interactive (Linux)']","28 Sep, 2017"

681,https://store.steampowered.com/app/535930,Two Point Hospital,961,"['Indie', 'Simulation']",['Two Point Studios'],['SEGA'],"29 Aug, 2018"

682,https://store.steampowered.com/app/2014780,X-Plane 12,961,['Simulation'],['Laminar Research'],['Laminar Research'],"17 Dec, 2022"

683,https://store.steampowered.com/app/1361350,DEAD OR ALIVE Xtreme Venus Vacation,960,ni :/,ni :/,ni :/,ni :/

684,https://store.steampowered.com/app/1948800,Yi Xian: The Cultivation Card Game,954,"['Casual', 'Indie', 'Strategy', 'Free To Play']",['Darksun Studio'],['Darksun Studio'],"21 Jan, 2024"

685,https://store.steampowered.com/app/3142050,Warborne Above Ashes,953,"['Action', 'Massively Multiplayer', 'RPG', 'Strategy', 'Free To Play']",['Qooland Games'],['Qooland Games'],"18 Sep, 2025"

686,https://store.steampowered.com/app/2698940,The Crew Motorfest,953,['Racing'],['Ubisoft Ivory Tower'],['Ubisoft'],"18 Apr, 2024"

687,https://store.steampowered.com/app/433340,Slime Rancher,952,"['Action', 'Adventure', 'Indie', 'Simulation']",['Monomi Park'],['Monomi Park'],"1 Aug, 2017"

688,https://store.steampowered.com/app/1046930,Dota Underlords,948,"['Casual', 'Strategy', 'Free To Play']",['Valve'],['Valve'],"20 Jun, 2019"

689,https://store.steampowered.com/app/1840,Source Filmmaker,947,"['Animation & Modeling', 'Video Production']",['Valve'],['Valve'],"10 Jul, 2012"

690,https://store.steampowered.com/app/1062520,Dinkum,945,"['Adventure', 'Casual', 'Indie', 'RPG', 'Simulation']",['James Bendon'],['KRAFTON'],"22 Apr, 2025"

691,https://store.steampowered.com/app/1092790,Inscryption,943,"['Adventure', 'Indie', 'Strategy']",['Daniel Mullins Games'],['Devolver Digital'],"19 Oct, 2021"

692,https://store.steampowered.com/app/3214610,灰烬之国 Cinderia,941,"['Action', 'Adventure', 'Indie', 'RPG', 'Early Access']",['MyACG Studio'],"['MyACG Studio', 'NPC Entertainment']","30 Mar, 2026"

693,https://store.steampowered.com/app/1041320,Lords Mobile: Kingdom Wars,938,"['Massively Multiplayer', 'RPG', 'Strategy', 'Free To Play']",['IGG SINGAPORE PTE. LTD.'],['IGG SINGAPORE PTE. LTD.'],"2 Jun, 2019"

694,https://store.steampowered.com/app/628070,Romance of the Three Kingdoms XI with Power Up Kit,936,['Strategy'],['KOEI TECMO GAMES CO.'],['KOEI TECMO GAMES CO.'],"16 Jan, 2018"

695,https://store.steampowered.com/app/2623190,The Elder Scrolls IV: Oblivion Remastered,936,ni :/,ni :/,ni :/,ni :/

696,https://store.steampowered.com/app/3196440,Vacation Cafe Simulator,934,"['Casual', 'Indie', 'Simulation']",['Alice Games'],['Alice Games'],"20 Aug, 2026"

697,https://store.steampowered.com/app/1611600,WARNO,931,"['Action', 'Indie', 'Simulation', 'Strategy']",['Eugen Systems'],['Eugen Systems'],"23 May, 2024"

698,https://store.steampowered.com/app/1331550,Big Ambitions,927,"['Indie', 'Simulation', 'Early Access']",['Hovgaard Games'],['Hovgaard Games'],"10 Mar, 2023"

699,https://store.steampowered.com/app/782330,DOOM Eternal,927,ni :/,ni :/,ni :/,ni :/

700,https://store.steampowered.com/app/1097430,Book Of Yog Idle RPG 依盖之书,925,"['Action', 'Adventure', 'Casual', 'Indie', 'Massively Multiplayer', 'RPG', 'Strategy', 'Free To Play']",['元气工作室'],['元气工作室'],"29 Jul, 2022"

701,https://store.steampowered.com/app/1774580,STAR WARS Jedi: Survivor™,924,ni :/,ni :/,ni :/,ni :/

702,https://store.steampowered.com/app/690830,Foundation,924,"['Indie', 'Simulation', 'Strategy']",['Polymorph Games'],['Polymorph Games'],"31 Jan, 2025"

703,https://store.steampowered.com/app/2799860,INAZUMA ELEVEN: Victory Road,922,"['RPG', 'Sports']",['LEVEL5 Inc.'],['LEVEL5 Inc.'],"13 Nov, 2025"

704,https://store.steampowered.com/app/287390,Metro: Last Light Redux,920,['Action'],['4A Games'],['Deep Silver'],"27 Aug, 2014"

705,https://store.steampowered.com/app/637090,BATTLETECH,916,"['Action', 'Adventure', 'Strategy']",['Harebrained Schemes'],['Paradox Interactive'],"24 Apr, 2018"

706,https://store.steampowered.com/app/282070,This War of Mine,915,"['Adventure', 'Indie', 'Simulation']",['11 bit studios'],['11 bit studios'],"14 Nov, 2014"

707,https://store.steampowered.com/app/3808690,Pathogenic,915,"['Action', 'Indie', 'RPG', 'Simulation']",['Aberrant Labs'],['Slug Disco'],"16 Jul, 2026"

708,https://store.steampowered.com/app/960170,DJMAX RESPECT V,914,"['Action', 'Casual', 'Sports']",['NEOWIZ'],['NEOWIZ'],"11 Mar, 2020"

709,https://store.steampowered.com/app/1846380,Need for Speed™ Unbound,913,"['Action', 'Racing']",['Criterion Games'],['Electronic Arts'],"1 Dec, 2022"

710,https://store.steampowered.com/app/1124300,HUMANKIND™,913,['Strategy'],['AMPLITUDE Studios'],['AMPLITUDE Studios'],"17 Aug, 2021"

711,https://store.steampowered.com/app/1721470,Poppy Playtime,909,"['Action', 'Adventure', 'Indie']",['Mob Entertainment'],['Mob Entertainment'],"12 Oct, 2021"

712,https://store.steampowered.com/app/361420,ASTRONEER,907,"['Adventure', 'Indie']",['System Era Softworks'],['System Era Softworks'],"16 Dec, 2016"

713,https://store.steampowered.com/app/736190,Chinese Parents,906,"['Casual', 'Indie', 'RPG', 'Simulation']",['墨鱼玩游戏'],['墨鱼玩游戏'],"29 Sep, 2018"

714,https://store.steampowered.com/app/463530,Empires of the Undergrowth,905,"['Simulation', 'Strategy']",['Slug Disco'],"['Hooded Horse', 'Slug Disco']","7 Jun, 2024"

715,https://store.steampowered.com/app/212500,The Lord of the Rings Online™,902,"['Action', 'Adventure', 'Massively Multiplayer', 'RPG', 'Free To Play']",['Standing Stone Games'],['Daybreak Game Company LLC'],"6 Jun, 2012"

716,https://store.steampowered.com/app/2784470,9 Kings,899,"['RPG', 'Strategy', 'Early Access']",['Sad Socket'],"['Hooded Horse', 'Sidekick Publishing']","23 May, 2025"

717,https://store.steampowered.com/app/1466060,Tainted Grail: The Fall of Avalon,898,"['Action', 'Adventure', 'Indie', 'RPG']",['Questline'],['Awaken Realms'],"23 May, 2025"

718,https://store.steampowered.com/app/1100600,Football Manager 2020,895,"['Simulation', 'Sports']",['Sports Interactive'],['SEGA'],"19 Nov, 2019"

719,https://store.steampowered.com/app/223470,POSTAL 2,894,"['Action', 'Adventure', 'Indie']",['Running With Scissors'],['Running With Scissors'],"14 Apr, 2003"

720,https://store.steampowered.com/app/3950020,Duet Night Abyss,894,"['Action', 'RPG', 'Free To Play']",['Pan Studio'],['Hero Games'],"19 Jan, 2026"

721,https://store.steampowered.com/app/1941540,Mafia: The Old Country,892,"['Action', 'Adventure']",['Hangar 13'],['2K'],"7 Aug, 2025"

722,https://store.steampowered.com/app/1067360,Pax Autocratica,886,"['Action', 'Indie', 'Simulation', 'Early Access']",['Multiverse'],['Multiverse'],"10 Aug, 2026"

723,https://store.steampowered.com/app/4113940,Sovereign Tower,886,"['Indie', 'RPG']",['WILD WITS GAMES'],['Curve Games'],"6 Aug, 2026"

724,https://store.steampowered.com/app/9900,Star Trek Online,884,"['Massively Multiplayer', 'RPG', 'Free To Play']",['Cryptic Studios'],['Arc Games'],"2 Feb, 2010"

725,https://store.steampowered.com/app/1657630,Slime Rancher 2,883,"['Action', 'Adventure', 'Casual', 'Indie', 'Simulation']",['Monomi Park'],['Monomi Park'],"23 Sep, 2025"

726,https://store.steampowered.com/app/329110,Gems of War - Puzzle RPG,882,"['Action', 'Adventure', 'Casual', 'RPG', 'Strategy', 'Free To Play']",['Infinity Plus 2'],['505 Games'],"20 Nov, 2014"

727,https://store.steampowered.com/app/3819640,Megastore Simulator,881,"['Casual', 'Indie', 'Simulation', 'Early Access']",['Yolo Games Studio'],['Yolo Games Studio'],"2 Feb, 2026"

728,https://store.steampowered.com/app/1263850,Football Manager 2021,879,"['Simulation', 'Sports']",['Sports Interactive'],['SEGA'],"24 Nov, 2020"

729,https://store.steampowered.com/app/1584090,东方夜雀食堂 - Touhou Mystia&#39;s Izakaya,876,"['Casual', 'Indie', 'RPG', 'Simulation']","['二色幽紫蝶', 'Re零同人社']","['二色幽紫蝶', 'Re零同人社']","1 Oct, 2021"

730,https://store.steampowered.com/app/868360,Project Hospital,874,"['Indie', 'Simulation', 'Strategy']",['Oxymoron Games'],['Oxymoron Games'],"30 Oct, 2018"

731,https://store.steampowered.com/app/635260,CarX Drift Racing Online,871,"['Action', 'Casual', 'Massively Multiplayer', 'Racing', 'Simulation', 'Sports']",['CarX Technologies'],['CarX Technologies'],"17 Nov, 2017"

732,https://store.steampowered.com/app/200210,Realm of the Mad God Exalt,870,"['Action', 'Adventure', 'Indie', 'Massively Multiplayer', 'RPG', 'Free To Play']","['Wild Shadow Studios', 'Deca Live Operations GmbH']",['Deca Live Operations GmbH'],"20 Feb, 2012"

733,https://store.steampowered.com/app/252530,OMSI 2,868,"['Casual', 'Simulation']",['MR-Software GbR'],['Aerosoft GmbH'],"11 Dec, 2013"

734,https://store.steampowered.com/app/246620,Plague Inc: Evolved,867,"['Casual', 'Indie', 'Simulation', 'Strategy']",['Ndemic Creations'],['Ndemic Creations'],"18 Feb, 2016"

735,https://store.steampowered.com/app/221040,Resident Evil 6,864,ni :/,ni :/,ni :/,ni :/

736,https://store.steampowered.com/app/1211020,Wobbly Life,862,"['Action', 'Adventure', 'Casual', 'Indie', 'Simulation']",['RubberBandGames'],['RubberBandGames'],"18 Sep, 2025"

737,https://store.steampowered.com/app/346900,AdVenture Capitalist,856,"['Casual', 'Indie', 'Free To Play']",['Hyper Hippo Games'],['Hyper Hippo Games'],"30 Mar, 2015"

738,https://store.steampowered.com/app/2291060,EARTH DEFENSE FORCE 6,855,['Action'],['SANDLOT'],['D3PUBLISHER'],"25 Jul, 2024"

739,https://store.steampowered.com/app/231120,Euro Truck Simulator 2 Demo,855,"['Indie', 'Simulation']",['SCS Software'],['SCS Software'],"18 Oct, 2012"

740,https://store.steampowered.com/app/1599600,PlateUp!,854,"['Action', 'Casual', 'Indie', 'Strategy']","[""It's happening""]","['Yogscast Games', 'Gamersky Games']","4 Aug, 2022"

741,https://store.steampowered.com/app/705210,Cube Racer,854,"['Action', 'Casual', 'Indie', 'Racing']",['Simon Blasen'],['Simon Blasen'],"30 Oct, 2017"

742,https://store.steampowered.com/app/3058630,Assetto Corsa EVO,852,"['Racing', 'Simulation', 'Sports', 'Early Access']",['KUNOS Simulazioni'],['505 Games'],"16 Jan, 2025"

743,https://store.steampowered.com/app/3224420,Milky Way Idle,851,"['Adventure', 'Casual', 'Indie', 'Massively Multiplayer', 'RPG', 'Free To Play', 'Early Access']",['cheze'],['cheze'],"6 Mar, 2025"

744,https://store.steampowered.com/app/1272320,Diplomacy is Not an Option,851,"['Action', 'Adventure', 'Casual', 'Indie', 'Simulation', 'Strategy']",['Door 407'],['Door 407'],"4 Oct, 2024"

745,https://store.steampowered.com/app/1971870,Mortal Kombat 1,850,['Action'],"['NetherRealm Studios', 'QLOC']",['Warner Bros. Games'],"19 Sep, 2023"

746,https://store.steampowered.com/app/3228590,Deadzone: Rogue,849,['Action'],['Prophecy Games'],['Prophecy Games'],"11 Aug, 2025"

747,https://store.steampowered.com/app/581320,Insurgency: Sandstorm,848,['Action'],['New World Interactive'],['Focus Entertainment'],"12 Dec, 2018"

748,https://store.steampowered.com/app/1235140,Yakuza: Like a Dragon,847,ni :/,ni :/,ni :/,ni :/

749,https://store.steampowered.com/app/1569580,Blue Prince,846,"['Adventure', 'Indie', 'Strategy']",['Dogubomb'],['Raw Fury'],"10 Apr, 2025"

750,https://store.steampowered.com/app/2962810,Galaxy Idle Clicker,841,"['Casual', 'Indie', 'Simulation', 'Free To Play']",['Soehnle'],['TimeLost Gaming'],"6 Aug, 2025"

751,https://store.steampowered.com/app/1296830,暖雪 Warm Snow,840,"['Action', 'Adventure', 'Indie', 'RPG']",['BadMudStudio'],['bilibili'],"18 Jan, 2022"

752,https://store.steampowered.com/app/2569510,MLB 9 Innings Rivals 26,840,"['Sports', 'Free To Play']",['Com2uS'],['Com2uS'],"17 Mar, 2025"

753,https://store.steampowered.com/app/1144400,Senren＊Banka,836,"['Adventure', 'Casual']",['YUZUSOFT'],"['HIKARI FIELD', 'NekoNyan Ltd.']","14 Feb, 2020"

754,https://store.steampowered.com/app/492720,Tropico 6,831,ni :/,ni :/,ni :/,ni :/

755,https://store.steampowered.com/app/1625450,Muck,829,"['Action', 'Adventure', 'Free To Play', 'Indie']",['Dani'],['Dani'],"5 Jun, 2021"

756,https://store.steampowered.com/app/3953520,MU: Dark Epoch,828,"['Action', 'Adventure', 'Massively Multiplayer', 'RPG', 'Free To Play']",['37GAMES'],['37GAMES'],"16 Oct, 2025"

757,https://store.steampowered.com/app/1782210,Crab Game,826,"['Action', 'Casual', 'Free To Play', 'Indie', 'Racing']",['Dani'],['Dani'],"29 Oct, 2021"

758,https://store.steampowered.com/app/4126220,Crusaders Quest : Hero Town,821,"['Casual', 'Indie', 'RPG', 'Simulation', 'Strategy']",['CQ LABS'],[' LoadComplete'],"30 Mar, 2026"

759,https://store.steampowered.com/app/2488370,Cash Cleaner Simulator,819,"['Casual', 'Indie', 'Simulation']",['Mind Control Games'],"['Forklift Interactive', 'Gamersky Games']","8 May, 2025"

760,https://store.steampowered.com/app/2742830,Monster Train 2,819,"['Indie', 'Strategy']",['Shiny Shoe'],['Big Fan Games'],"21 May, 2025"

761,https://store.steampowered.com/app/1827180,Toram Online,813,"['Massively Multiplayer', 'RPG', 'Free To Play']",['Asobimo'],['Asobimo'],"19 Dec, 2021"

762,https://store.steampowered.com/app/1449690,The Walking Dead: The Telltale Definitive Series,812,ni :/,ni :/,ni :/,ni :/

763,https://store.steampowered.com/app/2881650,Content Warning,812,"['Action', 'Adventure', 'Indie']","['Zorro', 'Wilnyl', 'Philip', 'thePetHen', 'Skog']",['Evil Landfall?'],"1 Apr, 2024"

764,https://store.steampowered.com/app/1984270,Digimon Story Time Stranger,809,['RPG'],['Media.Vision Inc.'],['Bandai Namco Entertainment Inc.'],"2 Oct, 2025"

765,https://store.steampowered.com/app/1659420,UNCHARTED™: Legacy of Thieves Collection,805,['Adventure'],"['Naughty Dog LLC', 'Iron Galaxy Studios']",['PlayStation Publishing LLC'],"19 Oct, 2022"

766,https://store.steampowered.com/app/899770,Last Epoch,805,"['Action', 'Adventure', 'Indie', 'RPG']",['Eleventh Hour Games'],"['Eleventh Hour Games', 'KRAFTON']","21 Feb, 2024"

767,https://store.steampowered.com/app/1335200,Action Taimanin,804,"['Action', 'Adventure', 'RPG', 'Free To Play']",['LiLith'],['Infini-Brain inc.'],"5 Oct, 2020"

768,https://store.steampowered.com/app/47890,The Sims™ 3,801,['Simulation'],"['The Sims Studio', 'Maxis']",['Electronic Arts'],"2 Jun, 2009"

769,https://store.steampowered.com/app/2071280,Ravenswatch,797,"['Action', 'Adventure']",['Passtech Games'],['Nacon'],"26 Sep, 2024"

770,https://store.steampowered.com/app/2853730,Skull and Bones,794,ni :/,ni :/,ni :/,ni :/

771,https://store.steampowered.com/app/2840770,Avatar: Frontiers of Pandora™,790,"['Action', 'Adventure']","['Massive Entertainment – A Ubisoft Studio', 'Ubisoft Montpellier', 'Ubisoft Shanghai', 'Ubisoft Toronto', 'Ubisoft Düsseldorf', 'Ubisoft Reflections']",['Ubisoft'],"17 Jun, 2024"

772,https://store.steampowered.com/app/3037410,Fish Idle 2: Underwater Mystery,788,"['Adventure', 'Casual', 'Indie', 'Free To Play']",['Multicast'],['MulticastGames'],"15 Nov, 2024"

773,https://store.steampowered.com/app/2591280,F1® Manager 2024,787,"['Simulation', 'Strategy']",['Frontier Developments'],['Frontier Developments'],"23 Jul, 2024"

774,https://store.steampowered.com/app/3314790,CloverPit,786,"['Action', 'Adventure', 'Indie', 'Simulation', 'Sports', 'Strategy']",['Panik Arcade'],['Future Friends Games'],"26 Sep, 2025"

775,https://store.steampowered.com/app/1237950,STAR WARS™ Battlefront™ II,783,ni :/,ni :/,ni :/,ni :/

776,https://store.steampowered.com/app/494840,UBOAT,782,"['Action', 'Indie', 'RPG', 'Simulation', 'Strategy']",['Deep Water Studio'],['PlayWay S.A.'],"2 Aug, 2024"

777,https://store.steampowered.com/app/3330,Zuma Deluxe,782,['Casual'],['PopCap Games'],"['PopCap Games', 'Electronic Arts']","30 Aug, 2006"

778,https://store.steampowered.com/app/952060,Resident Evil 3,778,['Action'],['CAPCOM Co.'],['CAPCOM Co.'],"2 Apr, 2020"

779,https://store.steampowered.com/app/2538150,OyasumiVR,777,['Utilities'],['Raphiiko'],['Raphiiko'],"13 Sep, 2023"

780,https://store.steampowered.com/app/431240,Golf With Your Friends,775,"['Casual', 'Indie', 'Sports']","['Blacklight Interactive', 'Team17']",['Team17'],"19 May, 2020"

781,https://store.steampowered.com/app/921570,OCTOPATH TRAVELER™,772,['RPG'],"['Square Enix', 'ACQUIRE Corp.']",['Square Enix'],"7 Jun, 2019"

782,https://store.steampowered.com/app/1645820,SurrounDead,770,"['Action', 'Adventure', 'Indie', 'RPG', 'Early Access']",['Zurvivor'],['PlaySurrounDead'],"24 Jun, 2022"

783,https://store.steampowered.com/app/2739990,Mahjong Soul,770,"['Casual', 'Strategy']",['Catfood Studio'],['YOSTAR HONG KONG LIMITED'],"23 Jul, 2024"

784,https://store.steampowered.com/app/1733690,Mandate Order,767,"['Indie', 'Simulation', 'Strategy', 'Early Access']",['Digital Sky'],['Digital Sky'],"11 Aug, 2026"

785,https://store.steampowered.com/app/4018020,天使之戀Online：國際版,766,"['Adventure', 'Massively Multiplayer', 'RPG', 'Free To Play']",['USERJOY Technology Co.'],['USERJOY Technology Co.'],"17 Jun, 2026"

786,https://store.steampowered.com/app/223750,DCS World Steam Edition,765,"['Simulation', 'Free To Play']",['Eagle Dynamics SA'],['Eagle Dynamics SA'],"18 Mar, 2018"

787,https://store.steampowered.com/app/1465460,Infection Free Zone,764,"['Action', 'Indie', 'Simulation', 'Strategy', 'Early Access']",['Jutsu Games'],['Games Operators'],"11 Apr, 2024"

788,https://store.steampowered.com/app/3687810,时光超市,760,"['Casual', 'Simulation', 'Strategy', 'Free To Play']",['怀旧游戏小东'],['怀旧游戏小东'],"5 Mar, 2026"

789,https://store.steampowered.com/app/3187030,Satisfactory Modeler,760,['Free To Play'],['David Price'],['David Price'],"17 Sep, 2024"

790,https://store.steampowered.com/app/1948280,Stacklands,759,"['Casual', 'Indie', 'Simulation']",['Sokpop Collective'],['Sokpop Collective'],"8 Apr, 2022"

791,https://store.steampowered.com/app/784080,MechWarrior 5: Mercenaries,759,"['Action', 'Simulation']",['Piranha Games Inc.'],['Piranha Games Inc.'],"26 May, 2021"

792,https://store.steampowered.com/app/4195600,AFK Journey: Homestead,759,"['Adventure', 'Casual', 'RPG', 'Simulation', 'Free To Play']",['Farlight Games'],['Farlight Games'],"27 Apr, 2026"

793,https://store.steampowered.com/app/212680,FTL: Faster Than Light,758,"['Indie', 'Simulation', 'Strategy']",['Subset Games'],['Subset Games'],"14 Sep, 2012"

794,https://store.steampowered.com/app/2289450,Idle Cave Miner,758,"['Casual', 'Indie', 'Simulation', 'Free To Play']",['Cold Hours'],['Cold Hours'],"7 Dec, 2023"

795,https://store.steampowered.com/app/551170,Onmyoji,756,"['Adventure', 'RPG', 'Strategy']",['NetEase Games'],['NetEase Games'],"18 Apr, 2018"

796,https://store.steampowered.com/app/3101040,Magical Girl Witch Trials (魔法少女ノ魔女裁判),750,"['Adventure', 'Indie', 'Simulation']","['Acacia', 'Re']","['Re', 'CIRCLE LINE GAMES']","18 Jul, 2025"

797,https://store.steampowered.com/app/1217060,Gunfire Reborn,749,"['Action', 'Adventure', 'Indie', 'RPG']",['Gunfire Reborn Studio'],['Duoyi Games'],"17 Nov, 2021"

798,https://store.steampowered.com/app/312660,Sniper Elite 4,749,"['Action', 'Adventure']",['Rebellion'],['Rebellion'],"13 Feb, 2017"

799,https://store.steampowered.com/app/2141730,Backrooms: Escape Together,746,"['Action', 'Adventure', 'Casual', 'Indie', 'Early Access']",['Triiodide Studios'],['Triiodide Studios'],"18 Oct, 2022"

800,https://store.steampowered.com/app/3832010,SaveSync: Co-op Save Sharing Made Easy,744,"['Indie', 'Utilities', 'Early Access']",['SaveSync'],['SaveSync'],"19 Sep, 2025"

801,https://store.steampowered.com/app/304050,Trove,739,"['Action', 'Adventure', 'Casual', 'Massively Multiplayer', 'RPG', 'Free To Play']",['gamigo US Inc.'],['gamigo US Inc.'],"9 Jul, 2015"

802,https://store.steampowered.com/app/2552450,KINGDOM HEARTS III &#43; Re Mind (DLC),739,"['Action', 'Adventure', 'RPG']",['Square Enix'],['Square Enix'],"13 Jun, 2024"

803,https://store.steampowered.com/app/1332010,Stray,737,"['Adventure', 'Indie']",['BlueTwelve Studio'],['Annapurna Interactive'],"19 Jul, 2022"

804,https://store.steampowered.com/app/1922560,Plants vs. Zombies™ Garden Warfare 2: Deluxe Edition,737,"['Action', 'Casual', 'Strategy']",['PopCap'],['Electronic Arts'],"16 May, 2022"

805,https://store.steampowered.com/app/961200,Predecessor,737,"['Action', 'Indie', 'Massively Multiplayer', 'RPG', 'Strategy', 'Free To Play']",['Omeda Studios'],['Omeda Studios'],"20 Aug, 2024"

806,https://store.steampowered.com/app/1272080,PAYDAY 3,734,ni :/,ni :/,ni :/,ni :/

807,https://store.steampowered.com/app/544730,Catan Universe,732,"['Casual', 'Strategy']",['Client/Frontend: Endava  / Backend: SuperNimbus'],['USM'],"25 Apr, 2017"

808,https://store.steampowered.com/app/1562430,DREDGE,731,"['Adventure', 'RPG']",['Black Salt Games'],['Team17'],"30 Mar, 2023"

809,https://store.steampowered.com/app/3314340,Burgie&#39;s cozy kitchen,729,"['Casual', 'Simulation', 'Early Access']",['HeyNau'],['HeyNau'],"10 Feb, 2025"

810,https://store.steampowered.com/app/1197260,The Perfect Tower II,729,"['Action', 'Indie', 'Strategy', 'Free To Play']",['Fire Sword Studios'],['Fire Sword Studios'],"30 Nov, 2025"

811,https://store.steampowered.com/app/3020510,Legend of Heroes: Three Kingdoms,728,"['Indie', 'RPG', 'Simulation', 'Strategy', 'Early Access']",['Free Wing'],"['Free Wing', 'NPC Entertainment']","25 Mar, 2025"

812,https://store.steampowered.com/app/311690,Enter the Gungeon,727,"['Action', 'Adventure', 'Indie']",['Dodge Roll'],['Devolver Digital'],"5 Apr, 2016"

813,https://store.steampowered.com/app/493490,City Car Driving,727,"['Indie', 'Racing', 'Simulation']",['Forward Development'],['Forward Global Group'],"3 Nov, 2016"

814,https://store.steampowered.com/app/2943650,FragPunk,727,"['Action', 'Free To Play']",['Bad Guitar Studio'],['NetEase Games'],"6 Mar, 2025"

815,https://store.steampowered.com/app/698780,Doki Doki Literature Club,726,"['Casual', 'Free To Play', 'Indie']",['Team Salvato'],['Team Salvato'],"22 Sep, 2017"

816,https://store.steampowered.com/app/2515020,FINAL FANTASY XVI,722,ni :/,ni :/,ni :/,ni :/

817,https://store.steampowered.com/app/4421010,Bills Must Be Paid,722,"['Action', 'Casual', 'Indie', 'Simulation', 'Strategy']",['Rike Games'],['Rike Games'],"29 Jul, 2026"

818,https://store.steampowered.com/app/3796350,My Auto Clicker,721,"['Free To Play', 'Utilities']",['Bajgar Industries'],['Bajgar Industries'],"21 Nov, 2025"

819,https://store.steampowered.com/app/1273400,Construction Simulator,719,"['Casual', 'Simulation']",['weltenbauer. Software Entwicklung GmbH'],['astragon Entertainment'],"20 Sep, 2022"

820,https://store.steampowered.com/app/2589500,Whisper of the House,716,"['Adventure', 'Casual', 'Indie', 'Simulation']",['元气弹工作室(GD Studio)'],"['元气弹工作室(GD Studio)', 'LoongGate']","27 Aug, 2025"

821,https://store.steampowered.com/app/1057090,Ori and the Will of the Wisps,714,['Action'],['Moon Studios GmbH'],['Xbox Game Studios'],"10 Mar, 2020"

822,https://store.steampowered.com/app/1631270,StarRupture,711,"['Action', 'Adventure', 'Indie', 'Simulation', 'Early Access']",['Creepy Jar'],['Creepy Jar'],"6 Jan, 2026"

823,https://store.steampowered.com/app/2114740,Blasphemous 2,709,"['Action', 'Adventure', 'Indie']",['The Game Kitchen'],['Team17'],"24 Aug, 2023"

824,https://store.steampowered.com/app/2526380,Sword of Convallaria,708,"['RPG', 'Strategy', 'Free To Play']",['XD'],['XD'],"31 Jul, 2024"

825,https://store.steampowered.com/app/244450,Men of War: Assault Squad 2,706,"['Action', 'Simulation', 'Strategy']",['Digitalmindsoft'],['Fulqrum Publishing'],"15 May, 2014"

826,https://store.steampowered.com/app/3256420,Simple Sight - Crosshair Overlay,701,"['Action', 'Indie', 'Free To Play', 'Utilities']",['Focusd IO'],['Focusd IO'],"10 Apr, 2025"

827,https://store.steampowered.com/app/2849080,Kingdom Rush 5: Alliance TD,699,"['Indie', 'Strategy']",['Ironhide Game Studio'],['Ironhide Game Studio'],"25 Jul, 2024"

828,https://store.steampowered.com/app/1056640,Phantasy Star Online 2 New Genesis,698,ni :/,ni :/,ni :/,ni :/

829,https://store.steampowered.com/app/665300,Stream Avatars,694,"['Animation & Modeling', 'Audio Production', 'Design & Illustration', 'Utilities', 'Video Production', 'Web Publishing']",['Travis Miller'],['Travis Miller'],"26 Jul, 2017"

830,https://store.steampowered.com/app/1682970,Uncrashed : FPV Drone Simulator,691,"['Action', 'Indie', 'Racing', 'Simulation', 'Sports']",['Luminite'],['Luminite'],"1 Sep, 2021"

831,https://store.steampowered.com/app/756800,Contraband Police,691,"['Action', 'Adventure', 'Simulation']",['Crazy Rocks'],['PlayWay S.A.'],"8 Mar, 2023"

832,https://store.steampowered.com/app/410340,Liftoff,688,"['Indie', 'Racing', 'Simulation', 'Sports']",['LuGus Studios'],['LuGus Studios'],"13 Sep, 2018"

833,https://store.steampowered.com/app/924970,Back 4 Blood,687,ni :/,ni :/,ni :/,ni :/

834,https://store.steampowered.com/app/2338770,NBA 2K24,687,"['Simulation', 'Sports']",['Visual Concepts'],['2K'],"7 Sep, 2023"

835,https://store.steampowered.com/app/4012810,STEINS;GATE RE:BOOT,685,"['Adventure', 'Casual']",['MAGES. Inc.'],['Spike Chunsoft Co.'],"19 Aug, 2026"

836,https://store.steampowered.com/app/2209900,Moonlight Peaks,682,"['Casual', 'Indie', 'RPG', 'Simulation']",['Little Chicken'],"['XSEED Games', 'Marvelous Europe']","6 Jul, 2026"

837,https://store.steampowered.com/app/489630,"Warhammer 40,000: Gladius - Relics of War",679,['Strategy'],['Proxy Studios'],['Slitherine Ltd.'],"12 Jul, 2018"

838,https://store.steampowered.com/app/3357650,PRAGMATA,677,"['Action', 'Adventure']",['CAPCOM Co.'],['CAPCOM Co.'],"16 Apr, 2026"

839,https://store.steampowered.com/app/1693980,Dead Space,677,"['Action', 'Adventure']",['Motive'],['Electronic Arts'],"27 Jan, 2023"

840,https://store.steampowered.com/app/1324130,Stranded: Alien Dawn,676,"['Simulation', 'Strategy']",['Haemimont Games'],['Paradox Interactive'],"25 Apr, 2023"

841,https://store.steampowered.com/app/1244460,Jurassic World Evolution 2,676,"['Simulation', 'Strategy']",['Frontier Developments'],['Frontier Developments'],"9 Nov, 2021"

842,https://store.steampowered.com/app/4045750,Out of the Park Baseball 27,675,"['Indie', 'Simulation', 'Sports', 'Strategy']",['Out of the Park Developments'],['Out of the Park Developments'],"13 Mar, 2026"

843,https://store.steampowered.com/app/200260,Batman: Arkham City GOTY,674,"['Action', 'Adventure']",['Rocksteady Studios'],['WB Games'],"7 Sep, 2012"

844,https://store.steampowered.com/app/368260,Marvel&#39;s Midnight Suns,673,ni :/,ni :/,ni :/,ni :/

845,https://store.steampowered.com/app/475150,Titan Quest Anniversary Edition,673,"['Action', 'RPG']","['Iron Lore Entertainment', 'THQ Nordic']",['THQ Nordic'],"31 Aug, 2016"

846,https://store.steampowered.com/app/1284410,GWENT: The Witcher Card Game,672,"['RPG', 'Strategy', 'Free To Play']",['CD PROJEKT RED'],['CD PROJEKT RED'],"19 May, 2020"

847,https://store.steampowered.com/app/382310,Eco,671,"['Adventure', 'Indie', 'Simulation', 'Early Access']",['Strange Loop Games'],['Strange Loop Games'],"6 Feb, 2018"

848,https://store.steampowered.com/app/2072560,DRAGON BALL GEKISHIN SQUADRA,671,"['Action', 'Free To Play']",['GANBARION Co.'],['Bandai Namco Entertainment'],"9 Sep, 2025"

849,https://store.steampowered.com/app/2162800,shapez 2,671,"['Casual', 'Indie', 'Simulation', 'Strategy']",['tobspr Games'],"['tobspr Games', 'Gamirror Games']","23 Apr, 2026"

850,https://store.steampowered.com/app/3587140,Ark Re:Code,670,ni :/,ni :/,ni :/,ni :/

851,https://store.steampowered.com/app/225540,Just Cause™ 3,668,ni :/,ni :/,ni :/,ni :/

852,https://store.steampowered.com/app/3167920,Low-Budget Repairs,667,"['Indie', 'Simulation']",['Gray2RGB'],"['Simplicity Games', 'PlayWay S.A.']","13 Aug, 2026"

853,https://store.steampowered.com/app/2119830,MISERY,665,"['Action', 'Adventure', 'Indie', 'Massively Multiplayer', 'Simulation']",['Platypus Entertainment'],['Ytopia'],"23 Oct, 2025"

854,https://store.steampowered.com/app/3738950,Passion Industry,664,ni :/,ni :/,ni :/,ni :/

855,https://store.steampowered.com/app/707010,Will To Live Online,664,"['Indie', 'Massively Multiplayer', 'RPG', 'Free To Play', 'Early Access']",['AlphaSoft LLC'],['AlphaSoft LLC'],"5 Apr, 2018"

856,https://store.steampowered.com/app/636480,Ravenfield,664,"['Action', 'Indie', 'Early Access']",['SteelRaven7'],['SteelRaven7'],"18 May, 2017"

857,https://store.steampowered.com/app/1371580,Myth of Empires,663,ni :/,ni :/,ni :/,ni :/

858,https://store.steampowered.com/app/359870,FINAL FANTASY X/X-2 HD Remaster,662,ni :/,ni :/,ni :/,ni :/

859,https://store.steampowered.com/app/738520,Breathedge,661,"['Action', 'Adventure', 'Indie', 'Simulation']",['RedRuins Softworks'],"['HypeTrain Digital', 'RedRuins Softworks']","25 Feb, 2021"

860,https://store.steampowered.com/app/1290000,PowerWash Simulator,661,"['Casual', 'Indie', 'Simulation']",['FuturLab'],['FuturLab'],"14 Jul, 2022"

861,https://store.steampowered.com/app/645630,Car Mechanic Simulator 2018,660,"['Racing', 'Simulation']",['Red Dot Games'],['PlayWay S.A.'],"28 Jul, 2017"

862,https://store.steampowered.com/app/2103530,Idle Clans,660,"['Casual', 'Indie', 'Massively Multiplayer', 'RPG', 'Free To Play', 'Early Access']",['Isam Games'],['Isam Games'],"7 Apr, 2023"

863,https://store.steampowered.com/app/363890,RPG Maker MV,656,"['RPG', 'Design & Illustration', 'Education', 'Web Publishing', 'Game Development']","['Gotcha Gotcha Games', 'KADOKAWA', 'Yoji Ojima']",['Gotcha Gotcha Games'],"23 Oct, 2015"

864,https://store.steampowered.com/app/2783360,Age of Empires Mobile: PC Edition,656,"['Casual', 'Simulation', 'Strategy', 'Free To Play']",['TiMi Studio Group'],['Xbox Game Studios'],"23 Jun, 2026"

865,https://store.steampowered.com/app/459820,Crush Crush,656,"['Casual', 'Indie', 'Free To Play']",['Sad Panda Studios'],['Sad Panda Studios'],"13 May, 2016"

866,https://store.steampowered.com/app/1084600,My Time at Sandrock,656,"['Adventure', 'Casual', 'Indie', 'RPG', 'Simulation']",['Pathea Games'],"['Pathea Games', 'Focus Entertainment', 'PM Studios', 'DMM Games']","2 Nov, 2023"

867,https://store.steampowered.com/app/992070,Idle Wizard,654,"['Indie', 'Free To Play']",['TwoWizards'],['TwoWizards'],"25 Jan, 2019"

868,https://store.steampowered.com/app/1811260,EA SPORTS™ FIFA 23,654,"['Simulation', 'Sports']","['EA Canada', 'EA Romania']",['Electronic Arts'],"30 Sep, 2022"

869,https://store.steampowered.com/app/307690,Sleeping Dogs: Definitive Edition,653,ni :/,ni :/,ni :/,ni :/

870,https://store.steampowered.com/app/1857950,VEIN,653,"['Action', 'RPG', 'Simulation', 'Early Access']",['Ramjet Studios'],['Ramjet Studios'],"24 Oct, 2025"

871,https://store.steampowered.com/app/1133870,Space Engineers 2,653,"['Action', 'Indie', 'Simulation', 'Strategy', 'Early Access']",['Keen Software House'],['Keen Software House'],"27 Jan, 2025"

872,https://store.steampowered.com/app/469600,Legion TD 2,652,"['Casual', 'Indie', 'Strategy']",['AutoAttack Games'],['AutoAttack Games'],"1 Oct, 2021"

873,https://store.steampowered.com/app/333420,Cossacks 3,651,"['Action', 'Adventure', 'Strategy']",['GSC Game World'],['GSC Game World'],"20 Sep, 2016"

874,https://store.steampowered.com/app/4210580,Ore Factory Squad ⛏,649,"['Indie', 'Simulation']",['threeW'],['PlayWay S.A.'],"16 Jul, 2026"

875,https://store.steampowered.com/app/2495100,Hello Kitty Island Adventure,649,"['Action', 'Adventure', 'Casual', 'Indie', 'RPG', 'Simulation']",['Sunblink'],['Sunblink'],"30 Jan, 2025"

876,https://store.steampowered.com/app/3717070,WWE 2K26,648,"['Simulation', 'Sports']",['Visual Concepts'],['2K'],"12 Mar, 2026"

877,https://store.steampowered.com/app/24010,Train Simulator Classic,647,['Simulation'],['Dovetail Games'],"['Dovetail Games - Trains', 'Dovetail Games']","12 Jul, 2009"

878,https://store.steampowered.com/app/373420,Divinity: Original Sin - Enhanced Edition,647,"['Adventure', 'Indie', 'RPG', 'Strategy']",['Larian Studios'],['Larian Studios'],"27 Oct, 2015"

879,https://store.steampowered.com/app/2377930,Destiny of Immortal,647,"['Adventure', 'Indie', 'RPG', 'Simulation', 'Strategy', 'Early Access']",['LeiYun Games'],['2P Games'],"7 Jul, 2026"

880,https://store.steampowered.com/app/243470,Watch_Dogs,647,"['Action', 'Adventure']",['Ubisoft'],['Ubisoft'],"26 May, 2014"

881,https://store.steampowered.com/app/2692440,LoveCraft,645,ni :/,ni :/,ni :/,ni :/

882,https://store.steampowered.com/app/2080690,Sunkenland,645,"['Action', 'Indie', 'Early Access']",['Vector3 Studio'],['Vector3 Studio'],"25 Aug, 2023"

883,https://store.steampowered.com/app/3127280,Marvel Contest of Champions,644,"['Action', 'RPG', 'Free To Play']",['Kabam Games'],['Kabam Games'],"18 Jun, 2025"

884,https://store.steampowered.com/app/2592160,Dispatch,643,"['Action', 'Adventure', 'Casual', 'Indie', 'Strategy']",['AdHoc Studio'],['AdHoc Studio'],"22 Oct, 2025"

885,https://store.steampowered.com/app/1017900,Age of Empires: Definitive Edition,643,['Strategy'],"[""World's Edge"", 'Forgotten Empires', 'Tantalus']",['Xbox Game Studios'],"19 Aug, 2019"

886,https://store.steampowered.com/app/2439510,Doomsday: Last Survivors,643,"['Massively Multiplayer', 'RPG', 'Strategy']",['IGG SINGAPORE PTE. LTD.'],['IGG SINGAPORE PTE. LTD.'],"25 Jun, 2023"

887,https://store.steampowered.com/app/1506830,FIFA 22,640,"['Simulation', 'Sports']",['EA Canada &amp; EA Romania'],['Electronic Arts'],"1 Oct, 2021"

888,https://store.steampowered.com/app/2888120,Auto Clicker,640,['Utilities'],['Playsaurus'],['Playsaurus'],"19 Sep, 2024"

889,https://store.steampowered.com/app/234140,Mad Max,637,ni :/,ni :/,ni :/,ni :/

890,https://store.steampowered.com/app/1909950,SUPER ROBOT WARS Y,637,"['RPG', 'Simulation', 'Strategy']",['Bandai Namco Forge Digitals Inc.'],['Bandai Namco Entertainment Inc.'],"27 Aug, 2025"

891,https://store.steampowered.com/app/1547000,Grand Theft Auto: San Andreas - The Definitive Edition,637,ni :/,ni :/,ni :/,ni :/

892,https://store.steampowered.com/app/1952920,Strikers Club,636,"['Action', 'Indie', 'Simulation', 'Sports', 'Free To Play', 'Early Access']",['Oddshot Games'],['Oddshot Games'],"17 Jul, 2026"

893,https://store.steampowered.com/app/4760,Rome: Total War,635,['Strategy'],['CREATIVE ASSEMBLY'],['SEGA'],"22 Sep, 2004"

894,https://store.steampowered.com/app/3552310,Synergism,635,"['Casual', 'Indie', 'Strategy', 'Free To Play']","['Platonic', 'Khafra']",['PLATONIC AND KHAFRA IDLE GAMES OF SYNERGISM AND ULTIMATE PROGRESS BAR LLC'],"20 Feb, 2026"

895,https://store.steampowered.com/app/1022450,War Selection,634,"['Indie', 'Massively Multiplayer', 'Strategy', 'Free To Play', 'Early Access']",['Glyph Worlds'],['Glyph Worlds'],"8 Oct, 2019"

896,https://store.steampowered.com/app/1690710,Incremental Epic Hero 2,633,"['Adventure', 'Casual', 'Indie', 'RPG', 'Simulation', 'Strategy', 'Free To Play']",['Hapiwaku'],['Idle System'],"2 Jan, 2025"

897,https://store.steampowered.com/app/2819520,Viking Rise,630,"['Massively Multiplayer', 'RPG', 'Strategy', 'Free To Play']",['IGG SINGAPORE PTE. LTD.'],['IGG SINGAPORE PTE. LTD.'],"21 May, 2024"

898,https://store.steampowered.com/app/3839710,Winning Post 10 2026,630,ni :/,ni :/,ni :/,ni :/

899,https://store.steampowered.com/app/2058180,Judgment,629,ni :/,ni :/,ni :/,ni :/

900,https://store.steampowered.com/app/719890,Beasts of Bermuda,628,"['Adventure', 'Indie', 'Massively Multiplayer', 'Simulation', 'Early Access']",['Sastrei Studios'],['Sastrei Studios'],"21 Dec, 2018"

901,https://store.steampowered.com/app/1332720,Thief Simulator 2,622,"['Action', 'Indie', 'Simulation']","['CookieDev', 'Ultimate Games S.A.']",['PlayWay S.A.'],"4 Oct, 2023"

902,https://store.steampowered.com/app/2951630,Total War: PHARAOH DYNASTIES,621,ni :/,ni :/,ni :/,ni :/

903,https://store.steampowered.com/app/2385530,PGA TOUR 2K25,620,"['RPG', 'Simulation', 'Sports']",['HB Studios'],['2K'],"27 Feb, 2025"

904,https://store.steampowered.com/app/1649080,Two Point Campus,620,"['Casual', 'Indie', 'Simulation', 'Strategy']",['Two Point Studios'],['SEGA'],"9 Aug, 2022"

905,https://store.steampowered.com/app/597170,Clone Drone in the Danger Zone,619,"['Action', 'Indie']",['Doborog Games'],['Doborog Games'],"27 Jul, 2021"

906,https://store.steampowered.com/app/383120,Empyrion - Galactic Survival,619,"['Adventure', 'Indie', 'Simulation', 'Strategy']",['Eleon Game Studios'],['Eleon Game Studios'],"5 Aug, 2020"

907,https://store.steampowered.com/app/1812820,Bitburner,617,['Free To Play'],"['Fulcrum Games', 'Hydroflame', 'over 250 github contributors']",['Fulcrum Games'],"10 Dec, 2021"

908,https://store.steampowered.com/app/2203070,Dragonheir: Silent Gods,613,"['Adventure', 'Massively Multiplayer', 'RPG', 'Strategy', 'Free To Play']",['SGRA Studio'],['Proxima Beta Pte. Limited'],"26 Oct, 2023"

909,https://store.steampowered.com/app/224260,No More Room in Hell,613,"['Action', 'Indie', 'Free To Play']",['No More Room in Hell Team'],['Lever Games'],"31 Oct, 2011"

910,https://store.steampowered.com/app/1213210,Command &amp; Conquer™ Remastered Collection,613,ni :/,ni :/,ni :/,ni :/

911,https://store.steampowered.com/app/1259970,eFootball PES 2021 SEASON UPDATE,612,['Sports'],['Konami Digital Entertainment'],['Konami Digital Entertainment'],"15 Sep, 2020"

912,https://store.steampowered.com/app/1162750,Songs of Syx,610,"['Casual', 'Indie', 'Simulation', 'Strategy', 'Early Access']",['Gamatron AB'],['Gamatron AB'],"21 Sep, 2020"

913,https://store.steampowered.com/app/640820,Pathfinder: Kingmaker,607,"['Adventure', 'RPG']",['Owlcat Games'],['Knights Peak'],"25 Sep, 2018"

914,https://store.steampowered.com/app/524220,NieR:Automata™,607,ni :/,ni :/,ni :/,ni :/

915,https://store.steampowered.com/app/2288150,ROMANCE OF THE THREE KINGDOMS 8 REMAKE,606,"['Simulation', 'Strategy']",['KOEI TECMO GAMES CO.'],['KOEI TECMO GAMES CO.'],"23 Oct, 2024"

916,https://store.steampowered.com/app/70,Half-Life,606,['Action'],['Valve'],['Valve'],"19 Nov, 1998"

917,https://store.steampowered.com/app/388080,Borderless Gaming,606,"['Action', 'Utilities']",['AndrewMD5'],"['Codeusa', 'viorae']","23 Jul, 2015"

918,https://store.steampowered.com/app/1913370,OPERATOR,606,"['Action', 'Indie', 'RPG', 'Simulation', 'Strategy', 'Early Access']",['VECTOR INTERACTIVE PTY LTD'],['VECTOR INTERACTIVE PTY LTD'],"1 Aug, 2023"

919,https://store.steampowered.com/app/307950,Caliber,606,"['Action', 'Massively Multiplayer', 'Free To Play']",['FOR-GAMES CR LTD'],['FOR-GAMES CR LTD'],"12 Apr, 2023"

920,https://store.steampowered.com/app/289650,Assassin&#39;s Creed® Unity,604,"['Action', 'Adventure']",['Ubisoft'],['Ubisoft'],"12 Nov, 2014"

921,https://store.steampowered.com/app/9420,Supreme Commander: Forged Alliance,604,['Strategy'],['Gas Powered Games'],['Square Enix'],"28 Sep, 2011"

922,https://store.steampowered.com/app/1809540,Nine Sols,603,"['Action', 'Adventure', 'Indie']",['RedCandleGames'],['RedCandleGames'],"28 May, 2024"

923,https://store.steampowered.com/app/2221490,Tom Clancy’s The Division® 2,603,ni :/,ni :/,ni :/,ni :/

924,https://store.steampowered.com/app/2104890,RoadCraft,603,"['Adventure', 'Simulation']",['Saber Interactive'],['Focus Entertainment'],"20 May, 2025"

925,https://store.steampowered.com/app/702320,March of Empires,602,"['Massively Multiplayer', 'RPG', 'Strategy', 'Free To Play']",['Gameloft'],['Gameloft'],"11 Dec, 2017"

926,https://store.steampowered.com/app/1295510,DRAGON QUEST® XI S: Echoes of an Elusive Age™ - Definitive Edition,601,"['Adventure', 'RPG']",['Square Enix'],['Square Enix'],"4 Dec, 2020"

927,https://store.steampowered.com/app/1574360,Uncharted Waters Origin,599,"['Adventure', 'Massively Multiplayer', 'RPG', 'Simulation', 'Strategy', 'Free To Play']","['KOEI TECMO GAMES CO.', 'LINE Games Corporation', 'Motif Co.']",['LINE Games Corporation'],"5 Mar, 2023"

928,https://store.steampowered.com/app/335240,Transformice,599,"['Free To Play', 'Indie', 'Massively Multiplayer']",['Atelier 801'],['Atelier 801'],"30 Jan, 2015"

929,https://store.steampowered.com/app/4131730,VHOLUME,598,"['Casual', 'Indie']","['Nathan Grange', 'Léonard Lemaitre', 'Niels Tiercelin']",['IronEqual'],"21 Aug, 2026"

930,https://store.steampowered.com/app/3314070,The Sims™ 2 Legacy Collection,598,['Simulation'],['MAXIS'],['Electronic Arts'],"31 Jan, 2025"

931,https://store.steampowered.com/app/1397920,Mr.Mine,597,"['Adventure', 'Casual', 'Indie', 'RPG', 'Simulation', 'Strategy', 'Free To Play']",['Playsaurus'],['Playsaurus'],"30 Sep, 2020"

932,https://store.steampowered.com/app/109600,Neverwinter,596,"['Action', 'Adventure', 'Massively Multiplayer', 'RPG', 'Free To Play']",['Cryptic Studios'],['Arc Games'],"5 Dec, 2013"

933,https://store.steampowered.com/app/2239150,Thronefall,596,"['Action', 'Indie', 'Strategy']","['GrizzlyGames', 'Mythwright']",['Mythwright'],"11 Oct, 2024"

934,https://store.steampowered.com/app/3003300,桌面精灵,594,"['Casual', 'Free To Play', 'Utilities']",['Duoyi Games'],['Duoyi Games'],"13 Feb, 2025"

935,https://store.steampowered.com/app/1468260,Leaf Blower Revolution - Idle Game,593,"['Casual', 'Indie', 'Free To Play']",['Humble North'],['Humble North'],"4 Dec, 2020"

936,https://store.steampowered.com/app/21690,Resident Evil 5,592,ni :/,ni :/,ni :/,ni :/

937,https://store.steampowered.com/app/2294660,The Quinfall,592,['Massively Multiplayer'],['Vawraek Technology Inc.'],['Vawraek Technology Inc.'],"6 Feb, 2026"

938,https://store.steampowered.com/app/1790600,DRAGON BALL: Sparking! ZERO,592,['Action'],['Spike Chunsoft Co.'],['Bandai Namco Entertainment'],"10 Oct, 2024"

939,https://store.steampowered.com/app/3124540,Far Far West,589,"['Action', 'Adventure', 'Indie', 'Early Access']",['Evil Raptor'],['Fireshine Games'],"28 Apr, 2026"

940,https://store.steampowered.com/app/211820,Starbound,588,"['Action', 'Adventure', 'Casual', 'Indie', 'RPG']",['Chucklefish'],['Chucklefish'],"22 Jul, 2016"

941,https://store.steampowered.com/app/454650,DRAGON BALL XENOVERSE 2,588,"['Action', 'Adventure', 'Casual', 'Massively Multiplayer']","['QLOC', 'Dimps Corporation']",['Bandai Namco Entertainment'],"27 Oct, 2016"

942,https://store.steampowered.com/app/3936530,Pro Cycling Manager 26,586,"['Simulation', 'Sports']",['Cyanide Studio'],['Nacon'],"15 Jun, 2026"

943,https://store.steampowered.com/app/40970,Stronghold Crusader HD,583,"['Simulation', 'Strategy']",['Firefly Studios'],['Firefly Studios'],"31 Jul, 2002"

944,https://store.steampowered.com/app/20900,The Witcher: Enhanced Edition,581,ni :/,ni :/,ni :/,ni :/

945,https://store.steampowered.com/app/2744880,Climber Animals: Together,580,"['Adventure', 'Casual', 'Indie', 'Simulation']",['Devotion Interactive'],['Devotion Interactive'],"22 Mar, 2024"

946,https://store.steampowered.com/app/3654560,Plants vs. Zombies™: Replanted,580,['Strategy'],"['PopCap Games', 'The Lost Pixels']",['Electronic Arts'],"23 Oct, 2025"

947,https://store.steampowered.com/app/39510,Gothic II: Gold Classic,579,"['Action', 'RPG']",['Piranha Bytes'],['THQ Nordic'],"29 Nov, 2005"

948,https://store.steampowered.com/app/413420,Danganronpa 2: Goodbye Despair,577,['Adventure'],"['Spike Chunsoft Co.', 'Abstraction Games']",['Spike Chunsoft Co.'],"18 Apr, 2016"

949,https://store.steampowered.com/app/690790,DiRT Rally 2.0,576,"['Racing', 'Simulation', 'Sports']",['Codemasters'],"['Codemasters', 'Electronic Arts']","25 Feb, 2019"

950,https://store.steampowered.com/app/670290,Real Pool 3D - Poolians,575,"['Action', 'Casual', 'Indie', 'Massively Multiplayer', 'Simulation', 'Sports', 'Strategy', 'Free To Play']",['Poolians.com'],['Poolians.com'],"15 Dec, 2019"

951,https://store.steampowered.com/app/2988580,Yakuza 0 Director&#39;s Cut,575,ni :/,ni :/,ni :/,ni :/

952,https://store.steampowered.com/app/3218710,Everlusting Life,574,ni :/,ni :/,ni :/,ni :/

953,https://store.steampowered.com/app/200510,XCOM: Enemy Unknown,574,ni :/,ni :/,ni :/,ni :/

954,https://store.steampowered.com/app/2772750,Age of History 3,572,"['Simulation', 'Strategy']",['Łukasz Jakowski'],['Łukasz Jakowski Games'],"23 Oct, 2024"

955,https://store.steampowered.com/app/4304230,历史模拟器：崇祯,572,ni :/,ni :/,ni :/,ni :/

956,https://store.steampowered.com/app/1995520,Pax Dei,572,"['Action', 'Adventure', 'Massively Multiplayer', 'RPG', 'Simulation']",['Mainframe Industries'],['Mainframe Industries'],"16 Oct, 2025"

957,https://store.steampowered.com/app/3139440,GunZ: The Duel,569,"['Action', 'Casual', 'Free To Play']",['Masangsoft'],['Masangsoft'],"13 Aug, 2026"

958,https://store.steampowered.com/app/379720,DOOM,566,ni :/,ni :/,ni :/,ni :/

959,https://store.steampowered.com/app/1240440,Halo Infinite,565,"['Action', 'Free To Play']",['343 Industries'],['Xbox Game Studios'],"15 Nov, 2021"

960,https://store.steampowered.com/app/357070,UBERMOSH,564,"['Action', 'Indie']",['Walter Machado'],['Walter Machado'],"13 Aug, 2015"

961,https://store.steampowered.com/app/3526710,Everything is Crab: The Animal Evolution Roguelite,563,"['Action', 'Indie', 'Simulation', 'Strategy']",['Odd Dreams Digital'],['Secret Mode'],"8 May, 2026"

962,https://store.steampowered.com/app/1171690,Wayfinder,562,"['Action', 'Adventure', 'RPG']",['Airship Syndicate'],['Airship Syndicate'],"21 Oct, 2024"

963,https://store.steampowered.com/app/3594620,Dream Eaters.exe Demo,562,"['Action', 'Adventure', 'Casual', 'Indie', 'Strategy']",['Tejin'],['Tejin'],"22 May, 2025"

964,https://store.steampowered.com/app/1134700,Wild Terra 2: New Lands,560,"['Action', 'Indie', 'Massively Multiplayer', 'RPG']",['Juvty Worlds'],['Juvty Worlds'],"10 Nov, 2022"

965,https://store.steampowered.com/app/975370,Dwarf Fortress,559,"['Indie', 'Simulation', 'Strategy']",['Bay 12 Games'],['Kitfox Games'],"6 Dec, 2022"

966,https://store.steampowered.com/app/843380,Super Animal Royale,558,"['Action', 'Adventure', 'Casual', 'Indie', 'Massively Multiplayer', 'Free To Play']",['Pixile'],['Pixile'],"26 Aug, 2021"

967,https://store.steampowered.com/app/444090,Paladins,557,"['Action', 'Adventure', 'Massively Multiplayer', 'Strategy', 'Free To Play']",['Evil Mojo Games'],['Hi-Rez Studios'],"8 May, 2018"

968,https://store.steampowered.com/app/1718570,ASTLIBRA Revision,557,"['Action', 'Adventure', 'RPG']",['KEIZO'],['WhisperGames'],"13 Oct, 2022"

969,https://store.steampowered.com/app/2586520,Atelier Resleriana,556,ni :/,ni :/,ni :/,ni :/

970,https://store.steampowered.com/app/2754380,The Roottrees are Dead,556,['Adventure'],['Evil Trout Inc.'],['Evil Trout Inc.'],"15 Jan, 2025"

971,https://store.steampowered.com/app/2186320,Ages of Conflict: World War Simulator,555,"['Casual', 'Indie', 'Simulation', 'Early Access']",['JoySpark Games'],['JoySpark Games'],"17 Feb, 2023"

972,https://store.steampowered.com/app/1369670,Motor Town: Behind The Wheel,554,"['Adventure', 'Casual', 'Indie', 'Racing', 'Simulation', 'Early Access']",['P3 Games'],['P3 Games'],"17 Dec, 2021"

973,https://store.steampowered.com/app/3167550,Tiny Pasture,553,"['Casual', 'Indie', 'Simulation']",['CaveLiquid'],['Gamersky Games'],"17 Feb, 2025"

974,https://store.steampowered.com/app/1066890,Automobilista 2,552,"['Action', 'Indie', 'Racing', 'Simulation', 'Sports']",['Reiza Studios'],['Reiza Studios'],"31 Mar, 2020"

975,https://store.steampowered.com/app/436150,Governor of Poker 3,551,"['Casual', 'Massively Multiplayer', 'Simulation', 'Free To Play']",['Playtika Ltd.'],['Playtika Ltd.'],"19 Feb, 2016"

976,https://store.steampowered.com/app/2404880,Car Dealer Simulator,550,"['Casual', 'Indie', 'Simulation']",['Garage Monkeys'],['Garage Monkeys'],"29 May, 2025"

977,https://store.steampowered.com/app/3966510,Feed the Scorchpot,549,"['Indie', 'Strategy']",['Moravian'],"['Indieformer', 'WhisperGames']","20 Aug, 2026"

978,https://store.steampowered.com/app/4486870,FEED THE AI,548,"['Casual', 'Simulation', 'Strategy']",['Weird Kid Games'],['Weird Kid Games'],"24 Aug, 2026"

979,https://store.steampowered.com/app/1520470,灵境奇谈,547,"['Action', 'Adventure', 'Massively Multiplayer', 'RPG', 'Strategy', 'Free To Play']",['GKD GAME'],['GKD GAME'],"29 Mar, 2021"

980,https://store.steampowered.com/app/1238860,Battlefield 4™,547,ni :/,ni :/,ni :/,ni :/

981,https://store.steampowered.com/app/1877960,Trimps,545,"['Casual', 'Free To Play', 'Indie', 'Strategy']",['Greensatellite'],['Greensatellite'],"2 May, 2022"

982,https://store.steampowered.com/app/3416070,Ropuka&#39;s Idle Island,545,"['Casual', 'Indie', 'Simulation']","['Moczan', 'Little Chmura', 'Begoña Pereda']",['Moczan'],"29 Jan, 2025"

983,https://store.steampowered.com/app/1437830,三国群英传2,544,"['Action', 'RPG', 'Simulation', 'Strategy']",['USERJOY Technology Co.'],"['USERJOY Technology Co.', 'Phoenix Game']","12 Nov, 2020"

984,https://store.steampowered.com/app/673750,Super Bunny Man,544,"['Action', 'Indie']",['Catobyte'],['Catobyte Ltd'],"16 May, 2023"

985,https://store.steampowered.com/app/223850,3DMark,543,ni :/,ni :/,ni :/,ni :/

986,https://store.steampowered.com/app/220240,Far Cry® 3,542,"['Action', 'Adventure']",['Ubisoft Montreal'],['Ubisoft'],"28 Nov, 2012"

987,https://store.steampowered.com/app/211500,RaceRoom Racing Experience,541,"['Racing', 'Simulation', 'Sports', 'Free To Play']",['KW Studios'],"['KW Studios', 'RaceRoom Entertainment AG']","12 Feb, 2013"

988,https://store.steampowered.com/app/3276050,SpaceCraft,541,"['Adventure', 'Indie', 'Massively Multiplayer', 'Simulation', 'Early Access']",['Shiro Games'],['Shiro Games'],"11 Jun, 2026"

989,https://store.steampowered.com/app/1147560,Skul: The Hero Slayer,540,"['Action', 'Indie']",['SOUTHPAW GAMES'],['NEOWIZ'],"20 Jan, 2021"

990,https://store.steampowered.com/app/502500,ACE COMBAT™7: SKIES UNKNOWN,540,"['Action', 'Simulation']",['Bandai Namco Studios Inc.'],['Bandai Namco Entertainment'],"31 Jan, 2019"

991,https://store.steampowered.com/app/3329480,VRCFaceTracking,539,"['Free To Play', 'Utilities']",['benaclejames'],['benaclejames'],"5 May, 2025"

992,https://store.steampowered.com/app/3298520,Idle Iktah,538,"['Casual', 'Indie', 'RPG', 'Simulation', 'Free To Play', 'Early Access']",['Grounded Games'],['Grounded Games'],"14 Apr, 2026"

993,https://store.steampowered.com/app/17480,Command &amp; Conquer™ Red Alert™ 3,537,"['Action', 'Strategy']",['EA Los Angeles'],['Electronic Arts'],"28 Oct, 2008"

994,https://store.steampowered.com/app/758190,Dragon Cliff 龙崖,536,"['Adventure', 'Casual', 'Indie', 'RPG', 'Simulation', 'Strategy']",['Meta Interaction'],['Meta Interaction'],"11 May, 2018"

995,https://store.steampowered.com/app/2212330,Your Only Move Is HUSTLE,534,"['Action', 'Indie', 'Simulation', 'Strategy']",['Ivy Sly'],['Ivy Sly'],"2 Feb, 2023"

996,https://store.steampowered.com/app/1172380,STAR WARS Jedi: Fallen Order™,534,"['Action', 'Adventure']",['Respawn Entertainment'],['Electronic Arts'],"14 Nov, 2019"

997,https://store.steampowered.com/app/1954420,麻雀一番街,532,ni :/,ni :/,ni :/,ni :/

998,https://store.steampowered.com/app/1634680,Ficket: 追剧引擎,532,"['Indie', 'Utilities', 'Early Access']",['一个小目标工作室'],['一个小目标工作室'],"18 Jun, 2021"

999,https://store.steampowered.com/app/1072040,Panzer Corps 2,531,['Strategy'],['Flashback Games'],['Slitherine Ltd.'],"19 Mar, 2020"

1000,https://store.steampowered.com/app/920490,Driver Booster for Steam,530,['Utilities'],['IObit'],['IObit'],"1 Nov, 2018"

